START_HUB,END_HUB,NUM
阿克苏,阿克苏,0
阿克苏,安庆,0
阿克苏,蚌埠,0
阿克苏,包头,0
阿克苏,保定,0
阿克苏,宝鸡,0
阿克苏,北京,0
阿克苏,常德,0
阿克苏,常州,0
阿克苏,长春,0
阿克苏,长沙,0
阿克苏,成都,0
阿克苏,大理州,0
阿克苏,大连,0
阿克苏,东莞,0
阿克苏,福州,0
阿克苏,赣州,0
阿克苏,广州,0
阿克苏,贵阳,0
阿克苏,哈尔滨,0
阿克苏,海口,0
阿克苏,杭州,0
阿克苏,合肥,0
阿克苏,衡阳,0
阿克苏,侯马,0
阿克苏,呼和浩特,0
阿克苏,湖州,0
阿克苏,淮安,0
阿克苏,济南,0
阿克苏,济宁,0
阿克苏,嘉兴,0
阿克苏,金华,0
阿克苏,锦州,0
阿克苏,荆州,0
阿克苏,喀什,18061.9184
阿克苏,昆明,0
阿克苏,拉萨,0
阿克苏,兰州,0
阿克苏,廊坊,0
阿克苏,连云港,0
阿克苏,临沂,0
阿克苏,柳州,0
阿克苏,洛阳,0
阿克苏,南昌,0
阿克苏,南充,0
阿克苏,南京,0
阿克苏,南宁,0
阿克苏,南通,0
阿克苏,内江,0
阿克苏,宁波,0
阿克苏,青岛,0
阿克苏,泉州,0
阿克苏,汕头,0
阿克苏,上海,0
阿克苏,深圳,0
阿克苏,沈阳,0
阿克苏,石家庄,0
阿克苏,苏州,0
阿克苏,台州,0
阿克苏,太原,0
阿克苏,唐山,0
阿克苏,天津,0
阿克苏,潍坊,0
阿克苏,温州,0
阿克苏,乌鲁木齐,5169.5732
阿克苏,无锡,0
阿克苏,芜湖,0
阿克苏,武汉,0
阿克苏,西安,11567.919
阿克苏,西宁,0
阿克苏,厦门,0
阿克苏,襄阳,0
阿克苏,信阳,0
阿克苏,徐州,0
阿克苏,烟台,0
阿克苏,盐城,0
阿克苏,扬州,0
阿克苏,义乌,0
阿克苏,银川,0
阿克苏,鹰潭,0
阿克苏,湛江,0
阿克苏,郑州,0
阿克苏,中山,0
阿克苏,重庆,0
阿克苏,漯河,0
安庆,阿克苏,0
安庆,安庆,0
安庆,蚌埠,12957.9406
安庆,包头,0
安庆,保定,0
安庆,宝鸡,0
安庆,北京,0
安庆,常德,0
安庆,常州,0
安庆,长春,18566.1166
安庆,长沙,19992.3176
安庆,成都,23044.3892
安庆,大理州,0
安庆,大连,0
安庆,东莞,0
安庆,福州,0
安庆,赣州,0
安庆,广州,68828.0514
安庆,贵阳,32428.4302
安庆,哈尔滨,0
安庆,海口,0
安庆,杭州,24912.8176
安庆,合肥,58179.5146
安庆,衡阳,0
安庆,侯马,0
安庆,呼和浩特,6434.069
安庆,湖州,0
安庆,淮安,0
安庆,济南,30987.6216
安庆,济宁,0
安庆,嘉兴,0
安庆,金华,33985.946
安庆,锦州,23795.0252
安庆,荆州,0
安庆,喀什,0
安庆,昆明,0
安庆,拉萨,0
安庆,兰州,0
安庆,廊坊,0
安庆,连云港,0
安庆,临沂,0
安庆,柳州,0
安庆,洛阳,0
安庆,南昌,0
安庆,南充,0
安庆,南京,36080.2222
安庆,南宁,11903.5644
安庆,南通,0
安庆,内江,0
安庆,宁波,0
安庆,青岛,0
安庆,泉州,29485.2364
安庆,汕头,0
安庆,上海,20359.1492
安庆,深圳,0
安庆,沈阳,0
安庆,石家庄,13684.2306
安庆,苏州,0
安庆,台州,0
安庆,太原,9821.9868
安庆,唐山,0
安庆,天津,26873.3518
安庆,潍坊,0
安庆,温州,0
安庆,乌鲁木齐,0
安庆,无锡,23362.08
安庆,芜湖,19129.5188
安庆,武汉,28978.673
安庆,西安,30723.7474
安庆,西宁,0
安庆,厦门,0
安庆,襄阳,0
安庆,信阳,0
安庆,徐州,0
安庆,烟台,0
安庆,盐城,0
安庆,扬州,0
安庆,义乌,0
安庆,银川,0
安庆,鹰潭,21817.9818
安庆,湛江,0
安庆,郑州,28433.2948
安庆,中山,0
安庆,重庆,0
安庆,漯河,0
蚌埠,阿克苏,0
蚌埠,安庆,11109.4452
蚌埠,蚌埠,0
蚌埠,包头,0
蚌埠,保定,0
蚌埠,宝鸡,0
蚌埠,北京,22700.2574
蚌埠,常德,0
蚌埠,常州,0
蚌埠,长春,16503.22
蚌埠,长沙,27721.0174
蚌埠,成都,21574.5042
蚌埠,大理州,0
蚌埠,大连,0
蚌埠,东莞,0
蚌埠,福州,19532.6612
蚌埠,赣州,0
蚌埠,广州,49411.5024
蚌埠,贵阳,22979.4582
蚌埠,哈尔滨,0
蚌埠,海口,0
蚌埠,杭州,11719.623
蚌埠,合肥,49970.7618
蚌埠,衡阳,0
蚌埠,侯马,0
蚌埠,呼和浩特,16372.3688
蚌埠,湖州,0
蚌埠,淮安,0
蚌埠,济南,42996.578
蚌埠,济宁,0
蚌埠,嘉兴,0
蚌埠,金华,4594.7864
蚌埠,锦州,0
蚌埠,荆州,0
蚌埠,喀什,0
蚌埠,昆明,0
蚌埠,拉萨,0
蚌埠,兰州,0
蚌埠,廊坊,0
蚌埠,连云港,0
蚌埠,临沂,0
蚌埠,柳州,0
蚌埠,洛阳,0
蚌埠,南昌,16147.0466
蚌埠,南充,0
蚌埠,南京,39227.2904
蚌埠,南宁,14408.1554
蚌埠,南通,0
蚌埠,内江,0
蚌埠,宁波,0
蚌埠,青岛,0
蚌埠,泉州,0
蚌埠,汕头,0
蚌埠,上海,23025.5768
蚌埠,深圳,0
蚌埠,沈阳,20170.2072
蚌埠,石家庄,19173.002
蚌埠,苏州,13421.8712
蚌埠,台州,0
蚌埠,太原,13226.746
蚌埠,唐山,0
蚌埠,天津,26569.9364
蚌埠,潍坊,0
蚌埠,温州,0
蚌埠,乌鲁木齐,0
蚌埠,无锡,17119.6504
蚌埠,芜湖,22872.5588
蚌埠,武汉,23566.8742
蚌埠,西安,35918.9112
蚌埠,西宁,0
蚌埠,厦门,0
蚌埠,襄阳,0
蚌埠,信阳,0
蚌埠,徐州,52366.7378
蚌埠,烟台,0
蚌埠,盐城,0
蚌埠,扬州,0
蚌埠,义乌,0
蚌埠,银川,0
蚌埠,鹰潭,0
蚌埠,湛江,0
蚌埠,郑州,47644.1918
蚌埠,中山,0
蚌埠,重庆,17710.22
蚌埠,漯河,0
包头,阿克苏,0
包头,安庆,0
包头,蚌埠,0
包头,包头,0
包头,保定,0
包头,宝鸡,0
包头,北京,0
包头,常德,0
包头,常州,0
包头,长春,0
包头,长沙,0
包头,成都,0
包头,大理州,0
包头,大连,0
包头,东莞,0
包头,福州,0
包头,赣州,0
包头,广州,0
包头,贵阳,0
包头,哈尔滨,0
包头,海口,0
包头,杭州,0
包头,合肥,0
包头,衡阳,0
包头,侯马,0
包头,呼和浩特,14833.2092
包头,湖州,0
包头,淮安,0
包头,济南,0
包头,济宁,0
包头,嘉兴,0
包头,金华,0
包头,锦州,0
包头,荆州,0
包头,喀什,0
包头,昆明,0
包头,拉萨,0
包头,兰州,0
包头,廊坊,0
包头,连云港,0
包头,临沂,0
包头,柳州,0
包头,洛阳,0
包头,南昌,0
包头,南充,0
包头,南京,0
包头,南宁,0
包头,南通,0
包头,内江,0
包头,宁波,0
包头,青岛,0
包头,泉州,0
包头,汕头,0
包头,上海,0
包头,深圳,0
包头,沈阳,0
包头,石家庄,0
包头,苏州,0
包头,台州,0
包头,太原,0
包头,唐山,0
包头,天津,0
包头,潍坊,0
包头,温州,0
包头,乌鲁木齐,0
包头,无锡,0
包头,芜湖,0
包头,武汉,0
包头,西安,0
包头,西宁,0
包头,厦门,0
包头,襄阳,0
包头,信阳,0
包头,徐州,0
包头,烟台,0
包头,盐城,0
包头,扬州,0
包头,义乌,0
包头,银川,0
包头,鹰潭,0
包头,湛江,0
包头,郑州,0
包头,中山,0
包头,重庆,0
包头,漯河,0
保定,阿克苏,0
保定,安庆,0
保定,蚌埠,0
保定,包头,0
保定,保定,0
保定,宝鸡,0
保定,北京,44174.3628
保定,常德,0
保定,常州,0
保定,长春,0
保定,长沙,0
保定,成都,13674.3608
保定,大理州,0
保定,大连,0
保定,东莞,0
保定,福州,0
保定,赣州,0
保定,广州,0
保定,贵阳,0
保定,哈尔滨,0
保定,海口,0
保定,杭州,0
保定,合肥,0
保定,衡阳,0
保定,侯马,0
保定,呼和浩特,0
保定,湖州,0
保定,淮安,0
保定,济南,41122.9482
保定,济宁,0
保定,嘉兴,0
保定,金华,0
保定,锦州,0
保定,荆州,0
保定,喀什,0
保定,昆明,0
保定,拉萨,0
保定,兰州,0
保定,廊坊,13298.2544
保定,连云港,0
保定,临沂,0
保定,柳州,0
保定,洛阳,0
保定,南昌,0
保定,南充,0
保定,南京,27101.8202
保定,南宁,0
保定,南通,0
保定,内江,0
保定,宁波,0
保定,青岛,0
保定,泉州,0
保定,汕头,0
保定,上海,8332.0994
保定,深圳,0
保定,沈阳,0
保定,石家庄,31500.8244
保定,苏州,0
保定,台州,0
保定,太原,9644.8856
保定,唐山,3700.9328
保定,天津,0
保定,潍坊,0
保定,温州,0
保定,乌鲁木齐,0
保定,无锡,0
保定,芜湖,0
保定,武汉,0
保定,西安,34772.035
保定,西宁,0
保定,厦门,0
保定,襄阳,0
保定,信阳,0
保定,徐州,0
保定,烟台,0
保定,盐城,0
保定,扬州,0
保定,义乌,0
保定,银川,0
保定,鹰潭,0
保定,湛江,0
保定,郑州,65550.975
保定,中山,6451.3046
保定,重庆,0
保定,漯河,0
宝鸡,阿克苏,0
宝鸡,安庆,0
宝鸡,蚌埠,0
宝鸡,包头,0
宝鸡,保定,0
宝鸡,宝鸡,0
宝鸡,北京,0
宝鸡,常德,0
宝鸡,常州,0
宝鸡,长春,0
宝鸡,长沙,0
宝鸡,成都,0
宝鸡,大理州,0
宝鸡,大连,0
宝鸡,东莞,0
宝鸡,福州,0
宝鸡,赣州,0
宝鸡,广州,0
宝鸡,贵阳,0
宝鸡,哈尔滨,0
宝鸡,海口,0
宝鸡,杭州,0
宝鸡,合肥,0
宝鸡,衡阳,0
宝鸡,侯马,0
宝鸡,呼和浩特,0
宝鸡,湖州,0
宝鸡,淮安,0
宝鸡,济南,0
宝鸡,济宁,0
宝鸡,嘉兴,0
宝鸡,金华,0
宝鸡,锦州,0
宝鸡,荆州,0
宝鸡,喀什,0
宝鸡,昆明,0
宝鸡,拉萨,0
宝鸡,兰州,0
宝鸡,廊坊,0
宝鸡,连云港,0
宝鸡,临沂,0
宝鸡,柳州,0
宝鸡,洛阳,0
宝鸡,南昌,0
宝鸡,南充,0
宝鸡,南京,0
宝鸡,南宁,0
宝鸡,南通,0
宝鸡,内江,0
宝鸡,宁波,0
宝鸡,青岛,0
宝鸡,泉州,0
宝鸡,汕头,0
宝鸡,上海,0
宝鸡,深圳,0
宝鸡,沈阳,0
宝鸡,石家庄,0
宝鸡,苏州,0
宝鸡,台州,0
宝鸡,太原,0
宝鸡,唐山,0
宝鸡,天津,0
宝鸡,潍坊,0
宝鸡,温州,0
宝鸡,乌鲁木齐,0
宝鸡,无锡,0
宝鸡,芜湖,0
宝鸡,武汉,0
宝鸡,西安,168314.5592
宝鸡,西宁,0
宝鸡,厦门,0
宝鸡,襄阳,0
宝鸡,信阳,0
宝鸡,徐州,0
宝鸡,烟台,0
宝鸡,盐城,0
宝鸡,扬州,0
宝鸡,义乌,0
宝鸡,银川,0
宝鸡,鹰潭,0
宝鸡,湛江,0
宝鸡,郑州,0
宝鸡,中山,0
宝鸡,重庆,0
宝鸡,漯河,0
北京,阿克苏,0
北京,安庆,0
北京,蚌埠,0
北京,包头,0
北京,保定,15193.989
北京,宝鸡,0
北京,北京,0
北京,常德,0
北京,常州,0
北京,长春,31567.7412
北京,长沙,21795.3588
北京,成都,16778.0846
北京,大理州,0
北京,大连,104034.9628
北京,东莞,0
北京,福州,14148.5628
北京,赣州,0
北京,广州,25759.246
北京,贵阳,19543.3888
北京,哈尔滨,36754.1558
北京,海口,0
北京,杭州,7610.4158
北京,合肥,0
北京,衡阳,0
北京,侯马,18387.1758
北京,呼和浩特,36569.6888
北京,湖州,0
北京,淮安,0
北京,济南,30045.7552
北京,济宁,0
北京,嘉兴,0
北京,金华,0
北京,锦州,71938.4294
北京,荆州,0
北京,喀什,0
北京,昆明,0
北京,拉萨,0
北京,兰州,26505.2062
北京,廊坊,8298.7488
北京,连云港,0
北京,临沂,0
北京,柳州,0
北京,洛阳,0
北京,南昌,9496.6054
北京,南充,0
北京,南京,21589.3126
北京,南宁,0
北京,南通,0
北京,内江,0
北京,宁波,0
北京,青岛,42892.252
北京,泉州,0
北京,汕头,0
北京,上海,20794.5364
北京,深圳,0
北京,沈阳,34427.7172
北京,石家庄,15162.2152
北京,苏州,0
北京,台州,0
北京,太原,12947.8774
北京,唐山,9717.1898
北京,天津,23571.7508
北京,潍坊,0
北京,温州,0
北京,乌鲁木齐,0
北京,无锡,0
北京,芜湖,0
北京,武汉,26497.1834
北京,西安,27686.8164
北京,西宁,11324.7042
北京,厦门,0
北京,襄阳,0
北京,信阳,0
北京,徐州,41406.7082
北京,烟台,0
北京,盐城,0
北京,扬州,0
北京,义乌,0
北京,银川,23313.4648
北京,鹰潭,0
北京,湛江,0
北京,郑州,31400.3164
北京,中山,0
北京,重庆,13343.5226
北京,漯河,0
常德,阿克苏,0
常德,安庆,0
常德,蚌埠,0
常德,包头,0
常德,保定,0
常德,宝鸡,0
常德,北京,0
常德,常德,0
常德,常州,0
常德,长春,0
常德,长沙,67628.2386
常德,成都,0
常德,大理州,0
常德,大连,0
常德,东莞,0
常德,福州,0
常德,赣州,0
常德,广州,13513.8456
常德,贵阳,0
常德,哈尔滨,0
常德,海口,0
常德,杭州,18096.397
常德,合肥,0
常德,衡阳,1830.2706
常德,侯马,0
常德,呼和浩特,0
常德,湖州,0
常德,淮安,0
常德,济南,0
常德,济宁,0
常德,嘉兴,0
常德,金华,0
常德,锦州,0
常德,荆州,0
常德,喀什,0
常德,昆明,0
常德,拉萨,0
常德,兰州,0
常德,廊坊,0
常德,连云港,0
常德,临沂,0
常德,柳州,0
常德,洛阳,0
常德,南昌,0
常德,南充,0
常德,南京,12762.027
常德,南宁,0
常德,南通,0
常德,内江,0
常德,宁波,0
常德,青岛,0
常德,泉州,0
常德,汕头,0
常德,上海,0
常德,深圳,0
常德,沈阳,0
常德,石家庄,0
常德,苏州,0
常德,台州,0
常德,太原,0
常德,唐山,0
常德,天津,0
常德,潍坊,0
常德,温州,0
常德,乌鲁木齐,0
常德,无锡,0
常德,芜湖,0
常德,武汉,0
常德,西安,0
常德,西宁,0
常德,厦门,0
常德,襄阳,0
常德,信阳,0
常德,徐州,0
常德,烟台,0
常德,盐城,0
常德,扬州,0
常德,义乌,0
常德,银川,0
常德,鹰潭,0
常德,湛江,0
常德,郑州,0
常德,中山,0
常德,重庆,0
常德,漯河,0
常州,阿克苏,0
常州,安庆,0
常州,蚌埠,0
常州,包头,0
常州,保定,0
常州,宝鸡,0
常州,北京,16130.3366
常州,常德,0
常州,常州,0
常州,长春,18486.045
常州,长沙,25788.0522
常州,成都,22854.1332
常州,大理州,0
常州,大连,0
常州,东莞,0
常州,福州,21544.4386
常州,赣州,0
常州,广州,64310.2996
常州,贵阳,0
常州,哈尔滨,0
常州,海口,0
常州,杭州,46207.526
常州,合肥,37755.7592
常州,衡阳,0
常州,侯马,0
常州,呼和浩特,0
常州,湖州,0
常州,淮安,2209.8628
常州,济南,45755.3048
常州,济宁,0
常州,嘉兴,0
常州,金华,6043.8186
常州,锦州,48705.0686
常州,荆州,0
常州,喀什,0
常州,昆明,0
常州,拉萨,0
常州,兰州,0
常州,廊坊,0
常州,连云港,7070.9506
常州,临沂,0
常州,柳州,0
常州,洛阳,0
常州,南昌,0
常州,南充,0
常州,南京,66258.9856
常州,南宁,13759.1628
常州,南通,11931.721
常州,内江,0
常州,宁波,10510.1884
常州,青岛,0
常州,泉州,0
常州,汕头,0
常州,上海,28757.8258
常州,深圳,12800.5096
常州,沈阳,0
常州,石家庄,25431.3532
常州,苏州,23258.3962
常州,台州,0
常州,太原,12942.676
常州,唐山,0
常州,天津,49862.2708
常州,潍坊,0
常州,温州,0
常州,乌鲁木齐,0
常州,无锡,28295.9976
常州,芜湖,0
常州,武汉,27270.6358
常州,西安,38748.2266
常州,西宁,0
常州,厦门,0
常州,襄阳,0
常州,信阳,0
常州,徐州,13982.4446
常州,烟台,0
常州,盐城,4812.4106
常州,扬州,3890.0062
常州,义乌,0
常州,银川,0
常州,鹰潭,6038.161
常州,湛江,0
常州,郑州,51189.3398
常州,中山,0
常州,重庆,19142.6736
常州,漯河,0
长春,阿克苏,0
长春,安庆,0
长春,蚌埠,0
长春,包头,0
长春,保定,0
长春,宝鸡,0
长春,北京,44927.9812
长春,常德,0
长春,常州,0
长春,长春,0
长春,长沙,0
长春,成都,0
长春,大理州,0
长春,大连,0
长春,东莞,0
长春,福州,0
长春,赣州,0
长春,广州,0
长春,贵阳,0
长春,哈尔滨,34011.5514
长春,海口,0
长春,杭州,0
长春,合肥,0
长春,衡阳,0
长春,侯马,0
长春,呼和浩特,0
长春,湖州,0
长春,淮安,0
长春,济南,27516.0992
长春,济宁,0
长春,嘉兴,0
长春,金华,0
长春,锦州,0
长春,荆州,0
长春,喀什,0
长春,昆明,0
长春,拉萨,0
长春,兰州,0
长春,廊坊,0
长春,连云港,0
长春,临沂,0
长春,柳州,0
长春,洛阳,0
长春,南昌,0
长春,南充,0
长春,南京,28424.2282
长春,南宁,0
长春,南通,0
长春,内江,0
长春,宁波,0
长春,青岛,0
长春,泉州,0
长春,汕头,0
长春,上海,0
长春,深圳,0
长春,沈阳,35206.3164
长春,石家庄,0
长春,苏州,0
长春,台州,0
长春,太原,0
长春,唐山,0
长春,天津,62639.1284
长春,潍坊,0
长春,温州,0
长春,乌鲁木齐,0
长春,无锡,0
长春,芜湖,0
长春,武汉,0
长春,西安,0
长春,西宁,0
长春,厦门,0
长春,襄阳,0
长春,信阳,0
长春,徐州,0
长春,烟台,0
长春,盐城,0
长春,扬州,0
长春,义乌,0
长春,银川,0
长春,鹰潭,0
长春,湛江,0
长春,郑州,37993.4626
长春,中山,0
长春,重庆,0
长春,漯河,0
长沙,阿克苏,0
长沙,安庆,27172.9492
长沙,蚌埠,0
长沙,包头,0
长沙,保定,0
长沙,宝鸡,0
长沙,北京,57464.9414
长沙,常德,194552.572
长沙,常州,9232.8626
长沙,长春,16236.1922
长沙,长沙,0
长沙,成都,51257.5086
长沙,大理州,0
长沙,大连,0
长沙,东莞,0
长沙,福州,56744.3784
长沙,赣州,0
长沙,广州,181281.9782
长沙,贵阳,75233.044
长沙,哈尔滨,42419.5722
长沙,海口,90808.8118
长沙,杭州,40128.3238
长沙,合肥,58139.1304
长沙,衡阳,308688.5836
长沙,侯马,0
长沙,呼和浩特,21951.0742
长沙,湖州,0
长沙,淮安,0
长沙,济南,59629.9376
长沙,济宁,0
长沙,嘉兴,0
长沙,金华,68854.1204
长沙,锦州,0
长沙,荆州,0
长沙,喀什,0
长沙,昆明,59460.2096
长沙,拉萨,0
长沙,兰州,29079.0718
长沙,廊坊,4881.0282
长沙,连云港,0
长沙,临沂,0
长沙,柳州,0
长沙,洛阳,0
长沙,南昌,73551.6708
长沙,南充,0
长沙,南京,35877.8006
长沙,南宁,89469.3144
长沙,南通,0
长沙,内江,0
长沙,宁波,0
长沙,青岛,0
长沙,泉州,0
长沙,汕头,0
长沙,上海,33294.7916
长沙,深圳,46021.9532
长沙,沈阳,23457.146
长沙,石家庄,32924.08
长沙,苏州,19532.0736
长沙,台州,0
长沙,太原,18247.8382
长沙,唐山,0
长沙,天津,29188.2124
长沙,潍坊,0
长沙,温州,0
长沙,乌鲁木齐,17470.8232
长沙,无锡,0
长沙,芜湖,0
长沙,武汉,73782.249
长沙,西安,66464.8532
长沙,西宁,0
长沙,厦门,51970.5818
长沙,襄阳,0
长沙,信阳,0
长沙,徐州,0
长沙,烟台,0
长沙,盐城,0
长沙,扬州,0
长沙,义乌,0
长沙,银川,0
长沙,鹰潭,0
长沙,湛江,0
长沙,郑州,67213.6422
长沙,中山,0
长沙,重庆,68062.5672
长沙,漯河,0
成都,阿克苏,0
成都,安庆,0
成都,蚌埠,0
成都,包头,0
成都,保定,0
成都,宝鸡,0
成都,北京,40404.0462
成都,常德,0
成都,常州,0
成都,长春,11125.9618
成都,长沙,39491.1794
成都,成都,0
成都,大理州,0
成都,大连,0
成都,东莞,0
成都,福州,13248.526
成都,赣州,0
成都,广州,64031.9788
成都,贵阳,24922.5634
成都,哈尔滨,0
成都,海口,0
成都,杭州,33240.194
成都,合肥,19886.4074
成都,衡阳,0
成都,侯马,0
成都,呼和浩特,0
成都,湖州,0
成都,淮安,0
成都,济南,32240.817
成都,济宁,0
成都,嘉兴,0
成都,金华,0
成都,锦州,0
成都,荆州,0
成都,喀什,0
成都,昆明,34240.228
成都,拉萨,0
成都,兰州,42589.439
成都,廊坊,0
成都,连云港,0
成都,临沂,0
成都,柳州,0
成都,洛阳,0
成都,南昌,16897.3578
成都,南充,86971.5562
成都,南京,33560.7756
成都,南宁,33340.8482
成都,南通,0
成都,内江,16978.2724
成都,宁波,0
成都,青岛,0
成都,泉州,0
成都,汕头,0
成都,上海,30777.1152
成都,深圳,16434.4784
成都,沈阳,16156.4602
成都,石家庄,17371.0268
成都,苏州,16568.684
成都,台州,0
成都,太原,9869.4888
成都,唐山,0
成都,天津,32109.8344
成都,潍坊,0
成都,温州,0
成都,乌鲁木齐,0
成都,无锡,0
成都,芜湖,0
成都,武汉,32123.3214
成都,西安,59062.9256
成都,西宁,0
成都,厦门,0
成都,襄阳,0
成都,信阳,0
成都,徐州,0
成都,烟台,0
成都,盐城,0
成都,扬州,0
成都,义乌,0
成都,银川,0
成都,鹰潭,0
成都,湛江,0
成都,郑州,40695.2192
成都,中山,0
成都,重庆,49597.7692
成都,漯河,0
大理州,阿克苏,0
大理州,安庆,0
大理州,蚌埠,0
大理州,包头,0
大理州,保定,0
大理州,宝鸡,0
大理州,北京,0
大理州,常德,0
大理州,常州,0
大理州,长春,0
大理州,长沙,0
大理州,成都,0
大理州,大理州,0
大理州,大连,0
大理州,东莞,0
大理州,福州,0
大理州,赣州,0
大理州,广州,0
大理州,贵阳,0
大理州,哈尔滨,0
大理州,海口,0
大理州,杭州,0
大理州,合肥,0
大理州,衡阳,0
大理州,侯马,0
大理州,呼和浩特,0
大理州,湖州,0
大理州,淮安,0
大理州,济南,0
大理州,济宁,0
大理州,嘉兴,0
大理州,金华,0
大理州,锦州,0
大理州,荆州,0
大理州,喀什,0
大理州,昆明,78885.9862
大理州,拉萨,0
大理州,兰州,0
大理州,廊坊,0
大理州,连云港,0
大理州,临沂,0
大理州,柳州,0
大理州,洛阳,0
大理州,南昌,0
大理州,南充,0
大理州,南京,0
大理州,南宁,0
大理州,南通,0
大理州,内江,0
大理州,宁波,0
大理州,青岛,0
大理州,泉州,0
大理州,汕头,0
大理州,上海,0
大理州,深圳,0
大理州,沈阳,0
大理州,石家庄,0
大理州,苏州,0
大理州,台州,0
大理州,太原,0
大理州,唐山,0
大理州,天津,0
大理州,潍坊,0
大理州,温州,0
大理州,乌鲁木齐,0
大理州,无锡,0
大理州,芜湖,0
大理州,武汉,0
大理州,西安,0
大理州,西宁,0
大理州,厦门,0
大理州,襄阳,0
大理州,信阳,0
大理州,徐州,0
大理州,烟台,0
大理州,盐城,0
大理州,扬州,0
大理州,义乌,0
大理州,银川,0
大理州,鹰潭,0
大理州,湛江,0
大理州,郑州,0
大理州,中山,0
大理州,重庆,0
大理州,漯河,0
大连,阿克苏,0
大连,安庆,0
大连,蚌埠,0
大连,包头,0
大连,保定,0
大连,宝鸡,0
大连,北京,20337.3072
大连,常德,0
大连,常州,0
大连,长春,5630.2808
大连,长沙,0
大连,成都,0
大连,大理州,0
大连,大连,0
大连,东莞,0
大连,福州,0
大连,赣州,0
大连,广州,0
大连,贵阳,0
大连,哈尔滨,7494.1028
大连,海口,0
大连,杭州,2920.1692
大连,合肥,0
大连,衡阳,0
大连,侯马,0
大连,呼和浩特,0
大连,湖州,0
大连,淮安,0
大连,济南,0
大连,济宁,0
大连,嘉兴,0
大连,金华,0
大连,锦州,3691.5266
大连,荆州,0
大连,喀什,0
大连,昆明,0
大连,拉萨,0
大连,兰州,0
大连,廊坊,0
大连,连云港,0
大连,临沂,0
大连,柳州,0
大连,洛阳,0
大连,南昌,0
大连,南充,0
大连,南京,8136.0544
大连,南宁,0
大连,南通,0
大连,内江,0
大连,宁波,0
大连,青岛,0
大连,泉州,0
大连,汕头,0
大连,上海,0
大连,深圳,0
大连,沈阳,9848.4352
大连,石家庄,0
大连,苏州,0
大连,台州,0
大连,太原,0
大连,唐山,0
大连,天津,0
大连,潍坊,0
大连,温州,0
大连,乌鲁木齐,0
大连,无锡,0
大连,芜湖,0
大连,武汉,0
大连,西安,0
大连,西宁,0
大连,厦门,0
大连,襄阳,0
大连,信阳,0
大连,徐州,0
大连,烟台,1674.4858
大连,盐城,0
大连,扬州,0
大连,义乌,0
大连,银川,0
大连,鹰潭,0
大连,湛江,0
大连,郑州,0
大连,中山,0
大连,重庆,0
大连,漯河,0
东莞,阿克苏,0
东莞,安庆,0
东莞,蚌埠,0
东莞,包头,0
东莞,保定,0
东莞,宝鸡,0
东莞,北京,0
东莞,常德,0
东莞,常州,0
东莞,长春,0
东莞,长沙,0
东莞,成都,0
东莞,大理州,0
东莞,大连,0
东莞,东莞,0
东莞,福州,0
东莞,赣州,0
东莞,广州,147577.341
东莞,贵阳,0
东莞,哈尔滨,0
东莞,海口,0
东莞,杭州,0
东莞,合肥,54564.0038
东莞,衡阳,0
东莞,侯马,0
东莞,呼和浩特,0
东莞,湖州,0
东莞,淮安,0
东莞,济南,0
东莞,济宁,0
东莞,嘉兴,0
东莞,金华,41526.2072
东莞,锦州,0
东莞,荆州,0
东莞,喀什,0
东莞,昆明,0
东莞,拉萨,0
东莞,兰州,0
东莞,廊坊,0
东莞,连云港,0
东莞,临沂,0
东莞,柳州,0
东莞,洛阳,0
东莞,南昌,0
东莞,南充,0
东莞,南京,0
东莞,南宁,16920.499
东莞,南通,0
东莞,内江,0
东莞,宁波,0
东莞,青岛,0
东莞,泉州,0
东莞,汕头,31776.6088
东莞,上海,0
东莞,深圳,14305.5848
东莞,沈阳,0
东莞,石家庄,0
东莞,苏州,0
东莞,台州,0
东莞,太原,0
东莞,唐山,0
东莞,天津,0
东莞,潍坊,0
东莞,温州,0
东莞,乌鲁木齐,0
东莞,无锡,9067.927
东莞,芜湖,0
东莞,武汉,0
东莞,西安,0
东莞,西宁,0
东莞,厦门,0
东莞,襄阳,0
东莞,信阳,0
东莞,徐州,0
东莞,烟台,0
东莞,盐城,0
东莞,扬州,0
东莞,义乌,0
东莞,银川,0
东莞,鹰潭,0
东莞,湛江,7833.1646
东莞,郑州,37392.592
东莞,中山,8853.3944
东莞,重庆,0
东莞,漯河,0
福州,阿克苏,0
福州,安庆,0
福州,蚌埠,0
福州,包头,0
福州,保定,0
福州,宝鸡,0
福州,北京,26440.538
福州,常德,0
福州,常州,0
福州,长春,0
福州,长沙,48700.415
福州,成都,19037.4824
福州,大理州,0
福州,大连,0
福州,东莞,0
福州,福州,0
福州,赣州,0
福州,广州,53289.281
福州,贵阳,0
福州,哈尔滨,0
福州,海口,0
福州,杭州,14175.2046
福州,合肥,43032.3706
福州,衡阳,0
福州,侯马,0
福州,呼和浩特,0
福州,湖州,0
福州,淮安,0
福州,济南,17667.9194
福州,济宁,0
福州,嘉兴,0
福州,金华,11824.6208
福州,锦州,0
福州,荆州,0
福州,喀什,0
福州,昆明,0
福州,拉萨,0
福州,兰州,0
福州,廊坊,0
福州,连云港,0
福州,临沂,0
福州,柳州,0
福州,洛阳,0
福州,南昌,15786.2048
福州,南充,0
福州,南京,8204.8034
福州,南宁,0
福州,南通,0
福州,内江,0
福州,宁波,0
福州,青岛,0
福州,泉州,133338.0678
福州,汕头,105401.4666
福州,上海,18158.2364
福州,深圳,31006.3572
福州,沈阳,10492.8214
福州,石家庄,26820.393
福州,苏州,0
福州,台州,0
福州,太原,0
福州,唐山,0
福州,天津,0
福州,潍坊,0
福州,温州,51121.394
福州,乌鲁木齐,0
福州,无锡,15429.243
福州,芜湖,0
福州,武汉,27181.7604
福州,西安,21987.1916
福州,西宁,0
福州,厦门,67545.9036
福州,襄阳,0
福州,信阳,0
福州,徐州,0
福州,烟台,0
福州,盐城,0
福州,扬州,0
福州,义乌,0
福州,银川,0
福州,鹰潭,0
福州,湛江,0
福州,郑州,27648.6512
福州,中山,12448.417
福州,重庆,0
福州,漯河,0
赣州,阿克苏,0
赣州,安庆,0
赣州,蚌埠,0
赣州,包头,0
赣州,保定,0
赣州,宝鸡,0
赣州,北京,0
赣州,常德,0
赣州,常州,0
赣州,长春,0
赣州,长沙,0
赣州,成都,0
赣州,大理州,0
赣州,大连,0
赣州,东莞,0
赣州,福州,0
赣州,赣州,0
赣州,广州,60435.9818
赣州,贵阳,0
赣州,哈尔滨,0
赣州,海口,0
赣州,杭州,0
赣州,合肥,0
赣州,衡阳,0
赣州,侯马,0
赣州,呼和浩特,0
赣州,湖州,0
赣州,淮安,0
赣州,济南,0
赣州,济宁,0
赣州,嘉兴,0
赣州,金华,0
赣州,锦州,0
赣州,荆州,0
赣州,喀什,0
赣州,昆明,0
赣州,拉萨,0
赣州,兰州,0
赣州,廊坊,0
赣州,连云港,0
赣州,临沂,0
赣州,柳州,0
赣州,洛阳,0
赣州,南昌,162802.9418
赣州,南充,0
赣州,南京,0
赣州,南宁,22157.1278
赣州,南通,0
赣州,内江,0
赣州,宁波,0
赣州,青岛,0
赣州,泉州,0
赣州,汕头,0
赣州,上海,0
赣州,深圳,33688.3344
赣州,沈阳,0
赣州,石家庄,0
赣州,苏州,0
赣州,台州,0
赣州,太原,0
赣州,唐山,0
赣州,天津,0
赣州,潍坊,0
赣州,温州,0
赣州,乌鲁木齐,0
赣州,无锡,0
赣州,芜湖,0
赣州,武汉,0
赣州,西安,0
赣州,西宁,0
赣州,厦门,0
赣州,襄阳,0
赣州,信阳,0
赣州,徐州,0
赣州,烟台,0
赣州,盐城,0
赣州,扬州,0
赣州,义乌,0
赣州,银川,0
赣州,鹰潭,30648.0416
赣州,湛江,0
赣州,郑州,0
赣州,中山,0
赣州,重庆,0
赣州,漯河,0
广州,阿克苏,0
广州,安庆,16462.4962
广州,蚌埠,0
广州,包头,0
广州,保定,0
广州,宝鸡,0
广州,北京,58806.6578
广州,常德,0
广州,常州,12177.9654
广州,长春,0
广州,长沙,94310.6478
广州,成都,63375.5214
广州,大理州,0
广州,大连,0
广州,东莞,256903.9808
广州,福州,64452.999
广州,赣州,34162.3902
广州,广州,0
广州,贵阳,47862.7284
广州,哈尔滨,0
广州,海口,154050.259
广州,杭州,34451.0666
广州,合肥,39695.7654
广州,衡阳,0
广州,侯马,0
广州,呼和浩特,0
广州,湖州,0
广州,淮安,0
广州,济南,56232.1426
广州,济宁,0
广州,嘉兴,0
广州,金华,26622.1068
广州,锦州,0
广州,荆州,0
广州,喀什,0
广州,昆明,47378.416
广州,拉萨,0
广州,兰州,82641.6804
广州,廊坊,0
广州,连云港,0
广州,临沂,0
广州,柳州,129531.21
广州,洛阳,0
广州,南昌,40883.0258
广州,南充,0
广州,南京,30169.1638
广州,南宁,84111.1786
广州,南通,0
广州,内江,0
广州,宁波,0
广州,青岛,0
广州,泉州,0
广州,汕头,114724.8332
广州,上海,37844.5106
广州,深圳,133758.9612
广州,沈阳,0
广州,石家庄,37593.5904
广州,苏州,27760.5586
广州,台州,0
广州,太原,41443.205
广州,唐山,0
广州,天津,95864.6852
广州,潍坊,0
广州,温州,34898.1558
广州,乌鲁木齐,0
广州,无锡,10542.2944
广州,芜湖,0
广州,武汉,65946.4962
广州,西安,47829.2464
广州,西宁,0
广州,厦门,35033.544
广州,襄阳,0
广州,信阳,43498.0094
广州,徐州,14504.1412
广州,烟台,0
广州,盐城,0
广州,扬州,0
广州,义乌,0
广州,银川,0
广州,鹰潭,0
广州,湛江,210234.3046
广州,郑州,36792.8318
广州,中山,336291.5946
广州,重庆,49075.2546
广州,漯河,0
贵阳,阿克苏,0
贵阳,安庆,0
贵阳,蚌埠,0
贵阳,包头,0
贵阳,保定,0
贵阳,宝鸡,0
贵阳,北京,28310.3498
贵阳,常德,0
贵阳,常州,0
贵阳,长春,0
贵阳,长沙,14156.5236
贵阳,成都,6696.4978
贵阳,大理州,0
贵阳,大连,0
贵阳,东莞,0
贵阳,福州,0
贵阳,赣州,0
贵阳,广州,27120.1912
贵阳,贵阳,0
贵阳,哈尔滨,0
贵阳,海口,0
贵阳,杭州,0
贵阳,合肥,0
贵阳,衡阳,0
贵阳,侯马,0
贵阳,呼和浩特,0
贵阳,湖州,0
贵阳,淮安,0
贵阳,济南,0
贵阳,济宁,0
贵阳,嘉兴,0
贵阳,金华,13131.6874
贵阳,锦州,0
贵阳,荆州,0
贵阳,喀什,0
贵阳,昆明,86589.9384
贵阳,拉萨,0
贵阳,兰州,0
贵阳,廊坊,0
贵阳,连云港,0
贵阳,临沂,0
贵阳,柳州,0
贵阳,洛阳,0
贵阳,南昌,2596.2332
贵阳,南充,0
贵阳,南京,12295.7932
贵阳,南宁,9024.9768
贵阳,南通,0
贵阳,内江,0
贵阳,宁波,0
贵阳,青岛,0
贵阳,泉州,0
贵阳,汕头,0
贵阳,上海,17939.1668
贵阳,深圳,0
贵阳,沈阳,0
贵阳,石家庄,0
贵阳,苏州,0
贵阳,台州,0
贵阳,太原,0
贵阳,唐山,0
贵阳,天津,0
贵阳,潍坊,0
贵阳,温州,0
贵阳,乌鲁木齐,0
贵阳,无锡,0
贵阳,芜湖,0
贵阳,武汉,14432.37
贵阳,西安,0
贵阳,西宁,0
贵阳,厦门,0
贵阳,襄阳,0
贵阳,信阳,0
贵阳,徐州,0
贵阳,烟台,0
贵阳,盐城,0
贵阳,扬州,0
贵阳,义乌,0
贵阳,银川,0
贵阳,鹰潭,0
贵阳,湛江,0
贵阳,郑州,0
贵阳,中山,0
贵阳,重庆,29426.9596
贵阳,漯河,0
哈尔滨,阿克苏,0
哈尔滨,安庆,0
哈尔滨,蚌埠,0
哈尔滨,包头,0
哈尔滨,保定,0
哈尔滨,宝鸡,0
哈尔滨,北京,59313.2508
哈尔滨,常德,0
哈尔滨,常州,0
哈尔滨,长春,23528.399
哈尔滨,长沙,0
哈尔滨,成都,0
哈尔滨,大理州,0
哈尔滨,大连,8562.4916
哈尔滨,东莞,0
哈尔滨,福州,0
哈尔滨,赣州,0
哈尔滨,广州,27609.7818
哈尔滨,贵阳,0
哈尔滨,哈尔滨,0
哈尔滨,海口,0
哈尔滨,杭州,11490.096
哈尔滨,合肥,0
哈尔滨,衡阳,0
哈尔滨,侯马,0
哈尔滨,呼和浩特,0
哈尔滨,湖州,0
哈尔滨,淮安,0
哈尔滨,济南,40698.9058
哈尔滨,济宁,0
哈尔滨,嘉兴,0
哈尔滨,金华,0
哈尔滨,锦州,0
哈尔滨,荆州,0
哈尔滨,喀什,0
哈尔滨,昆明,0
哈尔滨,拉萨,0
哈尔滨,兰州,0
哈尔滨,廊坊,24066.4734
哈尔滨,连云港,0
哈尔滨,临沂,0
哈尔滨,柳州,0
哈尔滨,洛阳,0
哈尔滨,南昌,0
哈尔滨,南充,0
哈尔滨,南京,36928.1034
哈尔滨,南宁,0
哈尔滨,南通,0
哈尔滨,内江,0
哈尔滨,宁波,0
哈尔滨,青岛,0
哈尔滨,泉州,0
哈尔滨,汕头,0
哈尔滨,上海,0
哈尔滨,深圳,0
哈尔滨,沈阳,31105.132
哈尔滨,石家庄,23233.9336
哈尔滨,苏州,0
哈尔滨,台州,0
哈尔滨,太原,0
哈尔滨,唐山,0
哈尔滨,天津,35776.7596
哈尔滨,潍坊,0
哈尔滨,温州,0
哈尔滨,乌鲁木齐,0
哈尔滨,无锡,0
哈尔滨,芜湖,0
哈尔滨,武汉,26626.4578
哈尔滨,西安,0
哈尔滨,西宁,0
哈尔滨,厦门,0
哈尔滨,襄阳,0
哈尔滨,信阳,0
哈尔滨,徐州,0
哈尔滨,烟台,0
哈尔滨,盐城,0
哈尔滨,扬州,0
哈尔滨,义乌,0
哈尔滨,银川,0
哈尔滨,鹰潭,0
哈尔滨,湛江,0
哈尔滨,郑州,25910.7566
哈尔滨,中山,0
哈尔滨,重庆,0
哈尔滨,漯河,0
海口,阿克苏,0
海口,安庆,0
海口,蚌埠,0
海口,包头,0
海口,保定,0
海口,宝鸡,0
海口,北京,0
海口,常德,0
海口,常州,0
海口,长春,0
海口,长沙,0
海口,成都,0
海口,大理州,0
海口,大连,0
海口,东莞,0
海口,福州,0
海口,赣州,0
海口,广州,22007.5188
海口,贵阳,0
海口,哈尔滨,0
海口,海口,0
海口,杭州,0
海口,合肥,0
海口,衡阳,0
海口,侯马,0
海口,呼和浩特,0
海口,湖州,0
海口,淮安,0
海口,济南,0
海口,济宁,0
海口,嘉兴,0
海口,金华,0
海口,锦州,0
海口,荆州,0
海口,喀什,0
海口,昆明,0
海口,拉萨,0
海口,兰州,0
海口,廊坊,0
海口,连云港,0
海口,临沂,0
海口,柳州,0
海口,洛阳,0
海口,南昌,0
海口,南充,0
海口,南京,0
海口,南宁,6851.0306
海口,南通,0
海口,内江,0
海口,宁波,0
海口,青岛,0
海口,泉州,0
海口,汕头,0
海口,上海,0
海口,深圳,0
海口,沈阳,0
海口,石家庄,0
海口,苏州,0
海口,台州,0
海口,太原,0
海口,唐山,0
海口,天津,0
海口,潍坊,0
海口,温州,0
海口,乌鲁木齐,0
海口,无锡,0
海口,芜湖,0
海口,武汉,0
海口,西安,0
海口,西宁,0
海口,厦门,0
海口,襄阳,0
海口,信阳,0
海口,徐州,0
海口,烟台,0
海口,盐城,0
海口,扬州,0
海口,义乌,0
海口,银川,0
海口,鹰潭,0
海口,湛江,10629.2682
海口,郑州,0
海口,中山,0
海口,重庆,0
海口,漯河,0
杭州,阿克苏,0
杭州,安庆,0
杭州,蚌埠,45192.2052
杭州,包头,0
杭州,保定,0
杭州,宝鸡,0
杭州,北京,42797.2656
杭州,常德,0
杭州,常州,46070.0752
杭州,长春,37272.6618
杭州,长沙,20094.5116
杭州,成都,15481.84
杭州,大理州,0
杭州,大连,0
杭州,东莞,0
杭州,福州,20041.104
杭州,赣州,0
杭州,广州,39493.3244
杭州,贵阳,14294.5796
杭州,哈尔滨,0
杭州,海口,5554.352
杭州,杭州,0
杭州,合肥,9705.3268
杭州,衡阳,0
杭州,侯马,0
杭州,呼和浩特,31104.7008
杭州,湖州,28204.286
杭州,淮安,0
杭州,济南,25095.1304
杭州,济宁,0
杭州,嘉兴,53553.4032
杭州,金华,23666.108
杭州,锦州,0
杭州,荆州,0
杭州,喀什,0
杭州,昆明,24493.1836
杭州,拉萨,0
杭州,兰州,26410.4974
杭州,廊坊,10297.426
杭州,连云港,0
杭州,临沂,0
杭州,柳州,0
杭州,洛阳,0
杭州,南昌,53526.0748
杭州,南充,0
杭州,南京,11516.3834
杭州,南宁,37547.643
杭州,南通,0
杭州,内江,0
杭州,宁波,107796.9318
杭州,青岛,14638.8428
杭州,泉州,0
杭州,汕头,36254.5418
杭州,上海,48375.7628
杭州,深圳,16396.353
杭州,沈阳,65319.5714
杭州,石家庄,20373.1942
杭州,苏州,70193.5114
杭州,台州,59601.4414
杭州,太原,54282.4378
杭州,唐山,0
杭州,天津,62077.3604
杭州,潍坊,0
杭州,温州,73683.4122
杭州,乌鲁木齐,0
杭州,无锡,18795.5742
杭州,芜湖,14647.2126
杭州,武汉,18194.773
杭州,西安,15565.2586
杭州,西宁,0
杭州,厦门,23975.8528
杭州,襄阳,0
杭州,信阳,29219.9492
杭州,徐州,44656.5654
杭州,烟台,0
杭州,盐城,0
杭州,扬州,15235.0302
杭州,义乌,56394.837
杭州,银川,0
杭州,鹰潭,0
杭州,湛江,0
杭州,郑州,28446.792
杭州,中山,0
杭州,重庆,11895.7128
杭州,漯河,0
合肥,阿克苏,0
合肥,安庆,83943.4364
合肥,蚌埠,91975.745
合肥,包头,0
合肥,保定,0
合肥,宝鸡,0
合肥,北京,48268.2582
合肥,常德,0
合肥,常州,0
合肥,长春,38983.612
合肥,长沙,55272.4308
合肥,成都,50194.0908
合肥,大理州,0
合肥,大连,0
合肥,东莞,78603.0072
合肥,福州,20791.5688
合肥,赣州,0
合肥,广州,69744.7982
合肥,贵阳,33441.4876
合肥,哈尔滨,60985.5352
合肥,海口,0
合肥,杭州,38069.1758
合肥,合肥,0
合肥,衡阳,0
合肥,侯马,0
合肥,呼和浩特,16556.4416
合肥,湖州,0
合肥,淮安,0
合肥,济南,71739.8582
合肥,济宁,0
合肥,嘉兴,0
合肥,金华,41146.057
合肥,锦州,40764.1468
合肥,荆州,0
合肥,喀什,0
合肥,昆明,27867.7208
合肥,拉萨,0
合肥,兰州,0
合肥,廊坊,0
合肥,连云港,0
合肥,临沂,0
合肥,柳州,0
合肥,洛阳,0
合肥,南昌,83026.2186
合肥,南充,0
合肥,南京,63739.006
合肥,南宁,26432.5698
合肥,南通,0
合肥,内江,0
合肥,宁波,15688.5108
合肥,青岛,102460.0106
合肥,泉州,0
合肥,汕头,0
合肥,上海,59126.0022
合肥,深圳,85434.3056
合肥,沈阳,0
合肥,石家庄,29718.7822
合肥,苏州,31009.1388
合肥,台州,0
合肥,太原,19582.397
合肥,唐山,0
合肥,天津,58763.4374
合肥,潍坊,0
合肥,温州,31840.5654
合肥,乌鲁木齐,0
合肥,无锡,22620.0692
合肥,芜湖,40218.714
合肥,武汉,67911.5452
合肥,西安,76532.6458
合肥,西宁,0
合肥,厦门,32185.4782
合肥,襄阳,0
合肥,信阳,162649.6888
合肥,徐州,113071.3094
合肥,烟台,0
合肥,盐城,0
合肥,扬州,0
合肥,义乌,0
合肥,银川,0
合肥,鹰潭,0
合肥,湛江,0
合肥,郑州,49916.8832
合肥,中山,15442.0036
合肥,重庆,55184.5918
合肥,漯河,0
衡阳,阿克苏,0
衡阳,安庆,0
衡阳,蚌埠,0
衡阳,包头,0
衡阳,保定,0
衡阳,宝鸡,0
衡阳,北京,0
衡阳,常德,3125.2956
衡阳,常州,0
衡阳,长春,0
衡阳,长沙,110130.6492
衡阳,成都,16253.3658
衡阳,大理州,0
衡阳,大连,0
衡阳,东莞,0
衡阳,福州,0
衡阳,赣州,0
衡阳,广州,78183.4398
衡阳,贵阳,0
衡阳,哈尔滨,0
衡阳,海口,0
衡阳,杭州,38857.8456
衡阳,合肥,0
衡阳,衡阳,0
衡阳,侯马,0
衡阳,呼和浩特,0
衡阳,湖州,0
衡阳,淮安,0
衡阳,济南,18089.0312
衡阳,济宁,0
衡阳,嘉兴,0
衡阳,金华,0
衡阳,锦州,0
衡阳,荆州,0
衡阳,喀什,0
衡阳,昆明,0
衡阳,拉萨,0
衡阳,兰州,0
衡阳,廊坊,0
衡阳,连云港,0
衡阳,临沂,0
衡阳,柳州,0
衡阳,洛阳,0
衡阳,南昌,0
衡阳,南充,0
衡阳,南京,18181.199
衡阳,南宁,0
衡阳,南通,0
衡阳,内江,0
衡阳,宁波,0
衡阳,青岛,0
衡阳,泉州,0
衡阳,汕头,0
衡阳,上海,0
衡阳,深圳,0
衡阳,沈阳,0
衡阳,石家庄,0
衡阳,苏州,0
衡阳,台州,0
衡阳,太原,0
衡阳,唐山,0
衡阳,天津,0
衡阳,潍坊,0
衡阳,温州,0
衡阳,乌鲁木齐,0
衡阳,无锡,0
衡阳,芜湖,0
衡阳,武汉,60601.629
衡阳,西安,0
衡阳,西宁,0
衡阳,厦门,0
衡阳,襄阳,0
衡阳,信阳,0
衡阳,徐州,0
衡阳,烟台,0
衡阳,盐城,0
衡阳,扬州,0
衡阳,义乌,0
衡阳,银川,0
衡阳,鹰潭,0
衡阳,湛江,0
衡阳,郑州,45571.579
衡阳,中山,0
衡阳,重庆,0
衡阳,漯河,0
侯马,阿克苏,0
侯马,安庆,0
侯马,蚌埠,0
侯马,包头,0
侯马,保定,0
侯马,宝鸡,0
侯马,北京,0
侯马,常德,0
侯马,常州,0
侯马,长春,0
侯马,长沙,0
侯马,成都,0
侯马,大理州,0
侯马,大连,0
侯马,东莞,0
侯马,福州,0
侯马,赣州,0
侯马,广州,0
侯马,贵阳,0
侯马,哈尔滨,0
侯马,海口,0
侯马,杭州,0
侯马,合肥,0
侯马,衡阳,0
侯马,侯马,0
侯马,呼和浩特,0
侯马,湖州,0
侯马,淮安,0
侯马,济南,0
侯马,济宁,0
侯马,嘉兴,0
侯马,金华,0
侯马,锦州,0
侯马,荆州,0
侯马,喀什,0
侯马,昆明,0
侯马,拉萨,0
侯马,兰州,0
侯马,廊坊,0
侯马,连云港,0
侯马,临沂,0
侯马,柳州,0
侯马,洛阳,0
侯马,南昌,0
侯马,南充,0
侯马,南京,0
侯马,南宁,0
侯马,南通,0
侯马,内江,0
侯马,宁波,0
侯马,青岛,0
侯马,泉州,0
侯马,汕头,0
侯马,上海,0
侯马,深圳,0
侯马,沈阳,0
侯马,石家庄,0
侯马,苏州,0
侯马,台州,0
侯马,太原,23534.6516
侯马,唐山,0
侯马,天津,0
侯马,潍坊,0
侯马,温州,0
侯马,乌鲁木齐,0
侯马,无锡,0
侯马,芜湖,0
侯马,武汉,0
侯马,西安,14594.5388
侯马,西宁,0
侯马,厦门,0
侯马,襄阳,0
侯马,信阳,0
侯马,徐州,0
侯马,烟台,0
侯马,盐城,0
侯马,扬州,0
侯马,义乌,0
侯马,银川,0
侯马,鹰潭,0
侯马,湛江,0
侯马,郑州,66437.9014
侯马,中山,0
侯马,重庆,0
侯马,漯河,0
呼和浩特,阿克苏,0
呼和浩特,安庆,0
呼和浩特,蚌埠,0
呼和浩特,包头,126915.0808
呼和浩特,保定,0
呼和浩特,宝鸡,0
呼和浩特,北京,31332.688
呼和浩特,常德,0
呼和浩特,常州,0
呼和浩特,长春,0
呼和浩特,长沙,0
呼和浩特,成都,0
呼和浩特,大理州,0
呼和浩特,大连,0
呼和浩特,东莞,0
呼和浩特,福州,0
呼和浩特,赣州,0
呼和浩特,广州,0
呼和浩特,贵阳,0
呼和浩特,哈尔滨,0
呼和浩特,海口,0
呼和浩特,杭州,0
呼和浩特,合肥,0
呼和浩特,衡阳,0
呼和浩特,侯马,0
呼和浩特,呼和浩特,0
呼和浩特,湖州,0
呼和浩特,淮安,0
呼和浩特,济南,9318.0588
呼和浩特,济宁,0
呼和浩特,嘉兴,0
呼和浩特,金华,0
呼和浩特,锦州,0
呼和浩特,荆州,0
呼和浩特,喀什,0
呼和浩特,昆明,0
呼和浩特,拉萨,0
呼和浩特,兰州,0
呼和浩特,廊坊,0
呼和浩特,连云港,0
呼和浩特,临沂,0
呼和浩特,柳州,0
呼和浩特,洛阳,0
呼和浩特,南昌,0
呼和浩特,南充,0
呼和浩特,南京,11390.8872
呼和浩特,南宁,0
呼和浩特,南通,0
呼和浩特,内江,0
呼和浩特,宁波,0
呼和浩特,青岛,0
呼和浩特,泉州,0
呼和浩特,汕头,0
呼和浩特,上海,0
呼和浩特,深圳,0
呼和浩特,沈阳,5537.8502
呼和浩特,石家庄,5367.9214
呼和浩特,苏州,0
呼和浩特,台州,0
呼和浩特,太原,19504.9062
呼和浩特,唐山,0
呼和浩特,天津,0
呼和浩特,潍坊,0
呼和浩特,温州,0
呼和浩特,乌鲁木齐,0
呼和浩特,无锡,0
呼和浩特,芜湖,0
呼和浩特,武汉,0
呼和浩特,西安,14262.3098
呼和浩特,西宁,0
呼和浩特,厦门,0
呼和浩特,襄阳,0
呼和浩特,信阳,0
呼和浩特,徐州,0
呼和浩特,烟台,0
呼和浩特,盐城,0
呼和浩特,扬州,0
呼和浩特,义乌,0
呼和浩特,银川,14233.2954
呼和浩特,鹰潭,0
呼和浩特,湛江,0
呼和浩特,郑州,13025.507
呼和浩特,中山,0
呼和浩特,重庆,0
呼和浩特,漯河,0
湖州,阿克苏,0
湖州,安庆,0
湖州,蚌埠,0
湖州,包头,0
湖州,保定,0
湖州,宝鸡,0
湖州,北京,0
湖州,常德,0
湖州,常州,0
湖州,长春,0
湖州,长沙,17924.4602
湖州,成都,0
湖州,大理州,0
湖州,大连,0
湖州,东莞,0
湖州,福州,0
湖州,赣州,0
湖州,广州,21258.492
湖州,贵阳,0
湖州,哈尔滨,0
湖州,海口,0
湖州,杭州,33343.6104
湖州,合肥,36959.409
湖州,衡阳,0
湖州,侯马,0
湖州,呼和浩特,0
湖州,湖州,0
湖州,淮安,0
湖州,济南,13581.1196
湖州,济宁,0
湖州,嘉兴,4368.7998
湖州,金华,6720.891
湖州,锦州,0
湖州,荆州,0
湖州,喀什,0
湖州,昆明,0
湖州,拉萨,0
湖州,兰州,0
湖州,廊坊,0
湖州,连云港,0
湖州,临沂,0
湖州,柳州,0
湖州,洛阳,0
湖州,南昌,0
湖州,南充,0
湖州,南京,49999.2312
湖州,南宁,0
湖州,南通,0
湖州,内江,0
湖州,宁波,2497.0864
湖州,青岛,0
湖州,泉州,0
湖州,汕头,0
湖州,上海,4976.8058
湖州,深圳,0
湖州,沈阳,0
湖州,石家庄,0
湖州,苏州,0
湖州,台州,1442.5168
湖州,太原,0
湖州,唐山,0
湖州,天津,0
湖州,潍坊,0
湖州,温州,5937.1672
湖州,乌鲁木齐,0
湖州,无锡,8182.6838
湖州,芜湖,0
湖州,武汉,0
湖州,西安,0
湖州,西宁,0
湖州,厦门,0
湖州,襄阳,0
湖州,信阳,0
湖州,徐州,0
湖州,烟台,0
湖州,盐城,0
湖州,扬州,0
湖州,义乌,4915.7622
湖州,银川,0
湖州,鹰潭,2125.8492
湖州,湛江,0
湖州,郑州,27447.824
湖州,中山,0
湖州,重庆,0
湖州,漯河,0
淮安,阿克苏,0
淮安,安庆,0
淮安,蚌埠,0
淮安,包头,0
淮安,保定,0
淮安,宝鸡,0
淮安,北京,0
淮安,常德,0
淮安,常州,4497.2238
淮安,长春,0
淮安,长沙,0
淮安,成都,0
淮安,大理州,0
淮安,大连,0
淮安,东莞,0
淮安,福州,0
淮安,赣州,0
淮安,广州,9479.3004
淮安,贵阳,0
淮安,哈尔滨,0
淮安,海口,0
淮安,杭州,6146.6446
淮安,合肥,23999.8194
淮安,衡阳,0
淮安,侯马,0
淮安,呼和浩特,0
淮安,湖州,0
淮安,淮安,0
淮安,济南,5453.0482
淮安,济宁,0
淮安,嘉兴,0
淮安,金华,0
淮安,锦州,0
淮安,荆州,0
淮安,喀什,0
淮安,昆明,0
淮安,拉萨,0
淮安,兰州,0
淮安,廊坊,0
淮安,连云港,1513.0434
淮安,临沂,0
淮安,柳州,0
淮安,洛阳,0
淮安,南昌,0
淮安,南充,0
淮安,南京,14238.6208
淮安,南宁,0
淮安,南通,3073.388
淮安,内江,0
淮安,宁波,2510.5114
淮安,青岛,0
淮安,泉州,0
淮安,汕头,0
淮安,上海,8974.5146
淮安,深圳,0
淮安,沈阳,0
淮安,石家庄,0
淮安,苏州,16852.0896
淮安,台州,0
淮安,太原,0
淮安,唐山,0
淮安,天津,0
淮安,潍坊,0
淮安,温州,0
淮安,乌鲁木齐,0
淮安,无锡,6171.9724
淮安,芜湖,0
淮安,武汉,0
淮安,西安,4096.0524
淮安,西宁,0
淮安,厦门,0
淮安,襄阳,0
淮安,信阳,0
淮安,徐州,23643.1204
淮安,烟台,0
淮安,盐城,2312.6888
淮安,扬州,1649.5522
淮安,义乌,0
淮安,银川,0
淮安,鹰潭,0
淮安,湛江,0
淮安,郑州,16492.956
淮安,中山,0
淮安,重庆,0
淮安,漯河,0
济南,阿克苏,0
济南,安庆,0
济南,蚌埠,23565.166
济南,包头,0
济南,保定,0
济南,宝鸡,0
济南,北京,132963.4438
济南,常德,0
济南,常州,0
济南,长春,41857.9328
济南,长沙,44500.5474
济南,成都,45669.459
济南,大理州,0
济南,大连,0
济南,东莞,0
济南,福州,54184.0544
济南,赣州,0
济南,广州,53316.7112
济南,贵阳,44684.4888
济南,哈尔滨,71033.7788
济南,海口,0
济南,杭州,20515.0654
济南,合肥,71888.354
济南,衡阳,0
济南,侯马,0
济南,呼和浩特,55544.9302
济南,湖州,0
济南,淮安,0
济南,济南,0
济南,济宁,214045.097
济南,嘉兴,0
济南,金华,9300.2282
济南,锦州,0
济南,荆州,0
济南,喀什,0
济南,昆明,0
济南,拉萨,0
济南,兰州,48167.009
济南,廊坊,35992.398
济南,连云港,0
济南,临沂,210785.928
济南,柳州,0
济南,洛阳,14730.2518
济南,南昌,30318.5026
济南,南充,0
济南,南京,31496.2254
济南,南宁,13802.4526
济南,南通,0
济南,内江,0
济南,宁波,0
济南,青岛,91737.1366
济南,泉州,0
济南,汕头,0
济南,上海,34918.2896
济南,深圳,0
济南,沈阳,93024.5182
济南,石家庄,75266.1392
济南,苏州,0
济南,台州,0
济南,太原,45841.8224
济南,唐山,0
济南,天津,89526.0144
济南,潍坊,171953.1844
济南,温州,0
济南,乌鲁木齐,0
济南,无锡,64579.8388
济南,芜湖,0
济南,武汉,35483.8636
济南,西安,58249.3842
济南,西宁,0
济南,厦门,0
济南,襄阳,0
济南,信阳,0
济南,徐州,88628.3428
济南,烟台,153502.2602
济南,盐城,0
济南,扬州,0
济南,义乌,0
济南,银川,0
济南,鹰潭,0
济南,湛江,0
济南,郑州,102407.0444
济南,中山,0
济南,重庆,34618.0352
济南,漯河,0
济宁,阿克苏,0
济宁,安庆,0
济宁,蚌埠,0
济宁,包头,0
济宁,保定,0
济宁,宝鸡,0
济宁,北京,0
济宁,常德,0
济宁,常州,0
济宁,长春,0
济宁,长沙,0
济宁,成都,0
济宁,大理州,0
济宁,大连,0
济宁,东莞,0
济宁,福州,0
济宁,赣州,0
济宁,广州,25556.0286
济宁,贵阳,0
济宁,哈尔滨,0
济宁,海口,0
济宁,杭州,0
济宁,合肥,0
济宁,衡阳,0
济宁,侯马,0
济宁,呼和浩特,0
济宁,湖州,0
济宁,淮安,0
济宁,济南,72881.8254
济宁,济宁,0
济宁,嘉兴,0
济宁,金华,0
济宁,锦州,0
济宁,荆州,0
济宁,喀什,0
济宁,昆明,0
济宁,拉萨,0
济宁,兰州,0
济宁,廊坊,0
济宁,连云港,0
济宁,临沂,2080.9206
济宁,柳州,0
济宁,洛阳,0
济宁,南昌,0
济宁,南充,0
济宁,南京,0
济宁,南宁,0
济宁,南通,0
济宁,内江,0
济宁,宁波,0
济宁,青岛,4685.5088
济宁,泉州,0
济宁,汕头,0
济宁,上海,24841.1158
济宁,深圳,0
济宁,沈阳,0
济宁,石家庄,0
济宁,苏州,0
济宁,台州,0
济宁,太原,0
济宁,唐山,0
济宁,天津,0
济宁,潍坊,2114.3406
济宁,温州,0
济宁,乌鲁木齐,0
济宁,无锡,0
济宁,芜湖,0
济宁,武汉,0
济宁,西安,0
济宁,西宁,0
济宁,厦门,0
济宁,襄阳,0
济宁,信阳,0
济宁,徐州,111661.377
济宁,烟台,3646.5286
济宁,盐城,0
济宁,扬州,0
济宁,义乌,0
济宁,银川,0
济宁,鹰潭,0
济宁,湛江,0
济宁,郑州,0
济宁,中山,0
济宁,重庆,0
济宁,漯河,0
嘉兴,阿克苏,0
嘉兴,安庆,0
嘉兴,蚌埠,0
嘉兴,包头,0
嘉兴,保定,0
嘉兴,宝鸡,0
嘉兴,北京,0
嘉兴,常德,0
嘉兴,常州,0
嘉兴,长春,0
嘉兴,长沙,7477.973
嘉兴,成都,0
嘉兴,大理州,0
嘉兴,大连,0
嘉兴,东莞,0
嘉兴,福州,0
嘉兴,赣州,0
嘉兴,广州,15807.561
嘉兴,贵阳,0
嘉兴,哈尔滨,0
嘉兴,海口,0
嘉兴,杭州,30297.6674
嘉兴,合肥,31291.843
嘉兴,衡阳,0
嘉兴,侯马,0
嘉兴,呼和浩特,0
嘉兴,湖州,13127.391
嘉兴,淮安,0
嘉兴,济南,0
嘉兴,济宁,0
嘉兴,嘉兴,0
嘉兴,金华,10962.0006
嘉兴,锦州,0
嘉兴,荆州,0
嘉兴,喀什,0
嘉兴,昆明,0
嘉兴,拉萨,0
嘉兴,兰州,0
嘉兴,廊坊,0
嘉兴,连云港,0
嘉兴,临沂,0
嘉兴,柳州,0
嘉兴,洛阳,0
嘉兴,南昌,0
嘉兴,南充,0
嘉兴,南京,5358.307
嘉兴,南宁,0
嘉兴,南通,0
嘉兴,内江,0
嘉兴,宁波,4873.4542
嘉兴,青岛,0
嘉兴,泉州,0
嘉兴,汕头,0
嘉兴,上海,16070.5154
嘉兴,深圳,0
嘉兴,沈阳,0
嘉兴,石家庄,0
嘉兴,苏州,34177.8658
嘉兴,台州,6291.8332
嘉兴,太原,0
嘉兴,唐山,0
嘉兴,天津,0
嘉兴,潍坊,0
嘉兴,温州,7174.4956
嘉兴,乌鲁木齐,0
嘉兴,无锡,29795.579
嘉兴,芜湖,0
嘉兴,武汉,0
嘉兴,西安,0
嘉兴,西宁,0
嘉兴,厦门,0
嘉兴,襄阳,0
嘉兴,信阳,0
嘉兴,徐州,0
嘉兴,烟台,0
嘉兴,盐城,0
嘉兴,扬州,0
嘉兴,义乌,6318.0188
嘉兴,银川,0
嘉兴,鹰潭,0
嘉兴,湛江,0
嘉兴,郑州,0
嘉兴,中山,0
嘉兴,重庆,0
嘉兴,漯河,0
金华,阿克苏,0
金华,安庆,29514.6996
金华,蚌埠,19179.1158
金华,包头,0
金华,保定,44428.035
金华,宝鸡,0
金华,北京,51237.5534
金华,常德,0
金华,常州,27963.962
金华,长春,24992.8744
金华,长沙,59713.6588
金华,成都,97863.3476
金华,大理州,0
金华,大连,0
金华,东莞,115935.4458
金华,福州,56084.1724
金华,赣州,0
金华,广州,101151.0674
金华,贵阳,68955.526
金华,哈尔滨,0
金华,海口,16196.8444
金华,杭州,64386.7938
金华,合肥,34032.32
金华,衡阳,0
金华,侯马,0
金华,呼和浩特,16863.5982
金华,湖州,11075.1674
金华,淮安,4860.2374
金华,济南,69651.495
金华,济宁,0
金华,嘉兴,21592.4588
金华,金华,0
金华,锦州,0
金华,荆州,0
金华,喀什,0
金华,昆明,80394.959
金华,拉萨,0
金华,兰州,39200.4404
金华,廊坊,5913.7558
金华,连云港,7412.918
金华,临沂,0
金华,柳州,0
金华,洛阳,0
金华,南昌,97656.3742
金华,南充,0
金华,南京,31716.5396
金华,南宁,62972.503
金华,南通,20841.7608
金华,内江,0
金华,宁波,87314.8228
金华,青岛,26633.546
金华,泉州,0
金华,汕头,26524.0112
金华,上海,86372.4012
金华,深圳,82283.4592
金华,沈阳,37806.6702
金华,石家庄,33926.6652
金华,苏州,41727.5304
金华,台州,42273.0474
金华,太原,25574.8956
金华,唐山,0
金华,天津,39918.3134
金华,潍坊,63866.1558
金华,温州,47680.5026
金华,乌鲁木齐,0
金华,无锡,50439.0906
金华,芜湖,11164.2436
金华,武汉,74846.8522
金华,西安,56341.794
金华,西宁,0
金华,厦门,21405.9514
金华,襄阳,0
金华,信阳,0
金华,徐州,25674.8928
金华,烟台,40755.1968
金华,盐城,9670.2134
金华,扬州,8330.059
金华,义乌,23815.221
金华,银川,0
金华,鹰潭,18634.8508
金华,湛江,0
金华,郑州,95581.1806
金华,中山,22921.8236
金华,重庆,100603.448
金华,漯河,0
锦州,阿克苏,0
锦州,安庆,0
锦州,蚌埠,0
锦州,包头,0
锦州,保定,0
锦州,宝鸡,0
锦州,北京,27555.8338
锦州,常德,0
锦州,常州,0
锦州,长春,0
锦州,长沙,0
锦州,成都,0
锦州,大理州,0
锦州,大连,29307.2848
锦州,东莞,0
锦州,福州,0
锦州,赣州,0
锦州,广州,0
锦州,贵阳,0
锦州,哈尔滨,0
锦州,海口,0
锦州,杭州,0
锦州,合肥,0
锦州,衡阳,0
锦州,侯马,0
锦州,呼和浩特,0
锦州,湖州,0
锦州,淮安,0
锦州,济南,0
锦州,济宁,0
锦州,嘉兴,0
锦州,金华,0
锦州,锦州,0
锦州,荆州,0
锦州,喀什,0
锦州,昆明,0
锦州,拉萨,0
锦州,兰州,0
锦州,廊坊,0
锦州,连云港,0
锦州,临沂,0
锦州,柳州,0
锦州,洛阳,0
锦州,南昌,0
锦州,南充,0
锦州,南京,0
锦州,南宁,0
锦州,南通,0
锦州,内江,0
锦州,宁波,0
锦州,青岛,0
锦州,泉州,0
锦州,汕头,0
锦州,上海,0
锦州,深圳,0
锦州,沈阳,46738.961
锦州,石家庄,0
锦州,苏州,0
锦州,台州,0
锦州,太原,0
锦州,唐山,0
锦州,天津,0
锦州,潍坊,0
锦州,温州,0
锦州,乌鲁木齐,0
锦州,无锡,0
锦州,芜湖,0
锦州,武汉,0
锦州,西安,0
锦州,西宁,0
锦州,厦门,0
锦州,襄阳,0
锦州,信阳,0
锦州,徐州,0
锦州,烟台,0
锦州,盐城,0
锦州,扬州,0
锦州,义乌,0
锦州,银川,0
锦州,鹰潭,0
锦州,湛江,0
锦州,郑州,0
锦州,中山,0
锦州,重庆,0
锦州,漯河,0
荆州,阿克苏,0
荆州,安庆,0
荆州,蚌埠,0
荆州,包头,0
荆州,保定,0
荆州,宝鸡,0
荆州,北京,0
荆州,常德,0
荆州,常州,0
荆州,长春,0
荆州,长沙,0
荆州,成都,0
荆州,大理州,0
荆州,大连,0
荆州,东莞,0
荆州,福州,0
荆州,赣州,0
荆州,广州,0
荆州,贵阳,0
荆州,哈尔滨,0
荆州,海口,0
荆州,杭州,7623.8334
荆州,合肥,0
荆州,衡阳,0
荆州,侯马,0
荆州,呼和浩特,0
荆州,湖州,0
荆州,淮安,0
荆州,济南,0
荆州,济宁,0
荆州,嘉兴,0
荆州,金华,0
荆州,锦州,0
荆州,荆州,0
荆州,喀什,0
荆州,昆明,0
荆州,拉萨,0
荆州,兰州,0
荆州,廊坊,0
荆州,连云港,0
荆州,临沂,0
荆州,柳州,0
荆州,洛阳,0
荆州,南昌,0
荆州,南充,0
荆州,南京,0
荆州,南宁,0
荆州,南通,0
荆州,内江,0
荆州,宁波,0
荆州,青岛,0
荆州,泉州,0
荆州,汕头,0
荆州,上海,0
荆州,深圳,0
荆州,沈阳,0
荆州,石家庄,0
荆州,苏州,0
荆州,台州,0
荆州,太原,0
荆州,唐山,0
荆州,天津,0
荆州,潍坊,0
荆州,温州,0
荆州,乌鲁木齐,0
荆州,无锡,10462.8872
荆州,芜湖,0
荆州,武汉,60266.4796
荆州,西安,0
荆州,西宁,0
荆州,厦门,0
荆州,襄阳,4177.0364
荆州,信阳,0
荆州,徐州,0
荆州,烟台,0
荆州,盐城,0
荆州,扬州,0
荆州,义乌,0
荆州,银川,0
荆州,鹰潭,0
荆州,湛江,0
荆州,郑州,0
荆州,中山,21945.4786
荆州,重庆,0
荆州,漯河,0
喀什,阿克苏,2215.6518
喀什,安庆,0
喀什,蚌埠,0
喀什,包头,0
喀什,保定,0
喀什,宝鸡,0
喀什,北京,0
喀什,常德,0
喀什,常州,0
喀什,长春,0
喀什,长沙,0
喀什,成都,0
喀什,大理州,0
喀什,大连,0
喀什,东莞,0
喀什,福州,0
喀什,赣州,0
喀什,广州,0
喀什,贵阳,0
喀什,哈尔滨,0
喀什,海口,0
喀什,杭州,0
喀什,合肥,0
喀什,衡阳,0
喀什,侯马,0
喀什,呼和浩特,0
喀什,湖州,0
喀什,淮安,0
喀什,济南,0
喀什,济宁,0
喀什,嘉兴,0
喀什,金华,0
喀什,锦州,0
喀什,荆州,0
喀什,喀什,0
喀什,昆明,0
喀什,拉萨,0
喀什,兰州,0
喀什,廊坊,0
喀什,连云港,0
喀什,临沂,0
喀什,柳州,0
喀什,洛阳,0
喀什,南昌,0
喀什,南充,0
喀什,南京,0
喀什,南宁,0
喀什,南通,0
喀什,内江,0
喀什,宁波,0
喀什,青岛,0
喀什,泉州,0
喀什,汕头,0
喀什,上海,0
喀什,深圳,0
喀什,沈阳,0
喀什,石家庄,0
喀什,苏州,0
喀什,台州,0
喀什,太原,0
喀什,唐山,0
喀什,天津,0
喀什,潍坊,0
喀什,温州,0
喀什,乌鲁木齐,2904.1162
喀什,无锡,0
喀什,芜湖,0
喀什,武汉,0
喀什,西安,0
喀什,西宁,0
喀什,厦门,0
喀什,襄阳,0
喀什,信阳,0
喀什,徐州,0
喀什,烟台,0
喀什,盐城,0
喀什,扬州,0
喀什,义乌,0
喀什,银川,0
喀什,鹰潭,0
喀什,湛江,0
喀什,郑州,0
喀什,中山,0
喀什,重庆,0
喀什,漯河,0
昆明,阿克苏,0
昆明,安庆,0
昆明,蚌埠,0
昆明,包头,0
昆明,保定,0
昆明,宝鸡,0
昆明,北京,0
昆明,常德,0
昆明,常州,0
昆明,长春,0
昆明,长沙,21758.3216
昆明,成都,24772.5676
昆明,大理州,150770.2918
昆明,大连,0
昆明,东莞,0
昆明,福州,0
昆明,赣州,0
昆明,广州,28939.6722
昆明,贵阳,48998.9686
昆明,哈尔滨,0
昆明,海口,0
昆明,杭州,19970.3516
昆明,合肥,8114.676
昆明,衡阳,0
昆明,侯马,0
昆明,呼和浩特,0
昆明,湖州,0
昆明,淮安,0
昆明,济南,18694.734
昆明,济宁,0
昆明,嘉兴,0
昆明,金华,0
昆明,锦州,0
昆明,荆州,0
昆明,喀什,0
昆明,昆明,0
昆明,拉萨,0
昆明,兰州,0
昆明,廊坊,0
昆明,连云港,0
昆明,临沂,0
昆明,柳州,0
昆明,洛阳,0
昆明,南昌,6056.123
昆明,南充,0
昆明,南京,13307.2738
昆明,南宁,25368.7328
昆明,南通,0
昆明,内江,0
昆明,宁波,0
昆明,青岛,0
昆明,泉州,2468.0794
昆明,汕头,0
昆明,上海,0
昆明,深圳,0
昆明,沈阳,0
昆明,石家庄,0
昆明,苏州,0
昆明,台州,0
昆明,太原,0
昆明,唐山,0
昆明,天津,0
昆明,潍坊,0
昆明,温州,0
昆明,乌鲁木齐,0
昆明,无锡,0
昆明,芜湖,0
昆明,武汉,17622.2024
昆明,西安,44821.6
昆明,西宁,0
昆明,厦门,0
昆明,襄阳,0
昆明,信阳,0
昆明,徐州,0
昆明,烟台,0
昆明,盐城,0
昆明,扬州,0
昆明,义乌,0
昆明,银川,0
昆明,鹰潭,0
昆明,湛江,0
昆明,郑州,23887.2004
昆明,中山,7083.9194
昆明,重庆,0
昆明,漯河,0
拉萨,阿克苏,0
拉萨,安庆,0
拉萨,蚌埠,0
拉萨,包头,0
拉萨,保定,0
拉萨,宝鸡,0
拉萨,北京,0
拉萨,常德,0
拉萨,常州,0
拉萨,长春,0
拉萨,长沙,0
拉萨,成都,0
拉萨,大理州,0
拉萨,大连,0
拉萨,东莞,0
拉萨,福州,0
拉萨,赣州,0
拉萨,广州,0
拉萨,贵阳,0
拉萨,哈尔滨,0
拉萨,海口,0
拉萨,杭州,0
拉萨,合肥,0
拉萨,衡阳,0
拉萨,侯马,0
拉萨,呼和浩特,0
拉萨,湖州,0
拉萨,淮安,0
拉萨,济南,0
拉萨,济宁,0
拉萨,嘉兴,0
拉萨,金华,0
拉萨,锦州,0
拉萨,荆州,0
拉萨,喀什,0
拉萨,昆明,0
拉萨,拉萨,0
拉萨,兰州,0
拉萨,廊坊,0
拉萨,连云港,0
拉萨,临沂,0
拉萨,柳州,0
拉萨,洛阳,0
拉萨,南昌,0
拉萨,南充,0
拉萨,南京,0
拉萨,南宁,0
拉萨,南通,0
拉萨,内江,0
拉萨,宁波,0
拉萨,青岛,0
拉萨,泉州,0
拉萨,汕头,0
拉萨,上海,0
拉萨,深圳,0
拉萨,沈阳,0
拉萨,石家庄,0
拉萨,苏州,0
拉萨,台州,0
拉萨,太原,0
拉萨,唐山,0
拉萨,天津,0
拉萨,潍坊,0
拉萨,温州,0
拉萨,乌鲁木齐,0
拉萨,无锡,0
拉萨,芜湖,0
拉萨,武汉,0
拉萨,西安,0
拉萨,西宁,9283.3868
拉萨,厦门,0
拉萨,襄阳,0
拉萨,信阳,0
拉萨,徐州,0
拉萨,烟台,0
拉萨,盐城,0
拉萨,扬州,0
拉萨,义乌,0
拉萨,银川,0
拉萨,鹰潭,0
拉萨,湛江,0
拉萨,郑州,0
拉萨,中山,0
拉萨,重庆,0
拉萨,漯河,0
兰州,阿克苏,57337.167
兰州,安庆,0
兰州,蚌埠,0
兰州,包头,0
兰州,保定,0
兰州,宝鸡,0
兰州,北京,15559.638
兰州,常德,0
兰州,常州,0
兰州,长春,0
兰州,长沙,5562.6524
兰州,成都,16214.2882
兰州,大理州,0
兰州,大连,0
兰州,东莞,0
兰州,福州,0
兰州,赣州,0
兰州,广州,0
兰州,贵阳,0
兰州,哈尔滨,0
兰州,海口,0
兰州,杭州,0
兰州,合肥,0
兰州,衡阳,0
兰州,侯马,0
兰州,呼和浩特,0
兰州,湖州,0
兰州,淮安,0
兰州,济南,0
兰州,济宁,0
兰州,嘉兴,0
兰州,金华,0
兰州,锦州,0
兰州,荆州,0
兰州,喀什,0
兰州,昆明,0
兰州,拉萨,0
兰州,兰州,0
兰州,廊坊,0
兰州,连云港,0
兰州,临沂,0
兰州,柳州,0
兰州,洛阳,0
兰州,南昌,0
兰州,南充,0
兰州,南京,7557.1942
兰州,南宁,0
兰州,南通,0
兰州,内江,0
兰州,宁波,0
兰州,青岛,0
兰州,泉州,0
兰州,汕头,0
兰州,上海,0
兰州,深圳,0
兰州,沈阳,0
兰州,石家庄,0
兰州,苏州,0
兰州,台州,0
兰州,太原,0
兰州,唐山,0
兰州,天津,0
兰州,潍坊,0
兰州,温州,0
兰州,乌鲁木齐,166578.9262
兰州,无锡,0
兰州,芜湖,0
兰州,武汉,5326.015
兰州,西安,31752.2156
兰州,西宁,81036.6774
兰州,厦门,0
兰州,襄阳,0
兰州,信阳,0
兰州,徐州,0
兰州,烟台,0
兰州,盐城,0
兰州,扬州,0
兰州,义乌,0
兰州,银川,4314.9286
兰州,鹰潭,0
兰州,湛江,0
兰州,郑州,8284.0792
兰州,中山,0
兰州,重庆,0
兰州,漯河,0
廊坊,阿克苏,0
廊坊,安庆,0
廊坊,蚌埠,0
廊坊,包头,0
廊坊,保定,15188.9884
廊坊,宝鸡,0
廊坊,北京,24395.9902
廊坊,常德,0
廊坊,常州,0
廊坊,长春,0
廊坊,长沙,6980.2356
廊坊,成都,0
廊坊,大理州,0
廊坊,大连,0
廊坊,东莞,0
廊坊,福州,0
廊坊,赣州,0
廊坊,广州,9786.6578
廊坊,贵阳,0
廊坊,哈尔滨,5038.127
廊坊,海口,0
廊坊,杭州,5124.3744
廊坊,合肥,0
廊坊,衡阳,0
廊坊,侯马,0
廊坊,呼和浩特,0
廊坊,湖州,0
廊坊,淮安,0
廊坊,济南,16050.6666
廊坊,济宁,0
廊坊,嘉兴,0
廊坊,金华,0
廊坊,锦州,0
廊坊,荆州,0
廊坊,喀什,0
廊坊,昆明,0
廊坊,拉萨,0
廊坊,兰州,0
廊坊,廊坊,0
廊坊,连云港,0
廊坊,临沂,0
廊坊,柳州,0
廊坊,洛阳,0
廊坊,南昌,4235.6528
廊坊,南充,0
廊坊,南京,0
廊坊,南宁,0
廊坊,南通,0
廊坊,内江,0
廊坊,宁波,0
廊坊,青岛,0
廊坊,泉州,0
廊坊,汕头,0
廊坊,上海,0
廊坊,深圳,0
廊坊,沈阳,5021.5484
廊坊,石家庄,7637.846
廊坊,苏州,0
廊坊,台州,0
廊坊,太原,12656.3722
廊坊,唐山,1340.2858
廊坊,天津,18357.9606
廊坊,潍坊,0
廊坊,温州,0
廊坊,乌鲁木齐,0
廊坊,无锡,13700.6778
廊坊,芜湖,0
廊坊,武汉,8340.0602
廊坊,西安,24551.5816
廊坊,西宁,0
廊坊,厦门,0
廊坊,襄阳,0
廊坊,信阳,0
廊坊,徐州,0
廊坊,烟台,0
廊坊,盐城,0
廊坊,扬州,0
廊坊,义乌,0
廊坊,银川,0
廊坊,鹰潭,0
廊坊,湛江,0
廊坊,郑州,11609.2304
廊坊,中山,0
廊坊,重庆,0
廊坊,漯河,0
连云港,阿克苏,0
连云港,安庆,0
连云港,蚌埠,0
连云港,包头,0
连云港,保定,0
连云港,宝鸡,0
连云港,北京,0
连云港,常德,0
连云港,常州,5850.0074
连云港,长春,0
连云港,长沙,0
连云港,成都,0
连云港,大理州,0
连云港,大连,0
连云港,东莞,0
连云港,福州,0
连云港,赣州,0
连云港,广州,14809.9144
连云港,贵阳,0
连云港,哈尔滨,0
连云港,海口,0
连云港,杭州,0
连云港,合肥,29877.1876
连云港,衡阳,0
连云港,侯马,0
连云港,呼和浩特,0
连云港,湖州,0
连云港,淮安,727.4106
连云港,济南,52189.2276
连云港,济宁,0
连云港,嘉兴,0
连云港,金华,0
连云港,锦州,0
连云港,荆州,0
连云港,喀什,0
连云港,昆明,0
连云港,拉萨,0
连云港,兰州,0
连云港,廊坊,0
连云港,连云港,0
连云港,临沂,0
连云港,柳州,0
连云港,洛阳,0
连云港,南昌,0
连云港,南充,0
连云港,南京,11593.8344
连云港,南宁,0
连云港,南通,1898.1618
连云港,内江,0
连云港,宁波,0
连云港,青岛,0
连云港,泉州,0
连云港,汕头,0
连云港,上海,8742.1514
连云港,深圳,0
连云港,沈阳,0
连云港,石家庄,0
连云港,苏州,16499.2012
连云港,台州,0
连云港,太原,0
连云港,唐山,0
连云港,天津,0
连云港,潍坊,0
连云港,温州,0
连云港,乌鲁木齐,0
连云港,无锡,6942.472
连云港,芜湖,0
连云港,武汉,0
连云港,西安,0
连云港,西宁,0
连云港,厦门,0
连云港,襄阳,0
连云港,信阳,0
连云港,徐州,15153.3892
连云港,烟台,0
连云港,盐城,1496.5962
连云港,扬州,1139.8972
连云港,义乌,0
连云港,银川,0
连云港,鹰潭,0
连云港,湛江,0
连云港,郑州,26170.4658
连云港,中山,0
连云港,重庆,0
连云港,漯河,0
临沂,阿克苏,0
临沂,安庆,0
临沂,蚌埠,0
临沂,包头,0
临沂,保定,0
临沂,宝鸡,0
临沂,北京,0
临沂,常德,0
临沂,常州,0
临沂,长春,0
临沂,长沙,0
临沂,成都,0
临沂,大理州,0
临沂,大连,0
临沂,东莞,0
临沂,福州,0
临沂,赣州,0
临沂,广州,35165.4538
临沂,贵阳,0
临沂,哈尔滨,0
临沂,海口,0
临沂,杭州,0
临沂,合肥,0
临沂,衡阳,0
临沂,侯马,0
临沂,呼和浩特,0
临沂,湖州,0
临沂,淮安,0
临沂,济南,60482.9286
临沂,济宁,15026.0312
临沂,嘉兴,0
临沂,金华,0
临沂,锦州,0
临沂,荆州,0
临沂,喀什,0
临沂,昆明,0
临沂,拉萨,0
临沂,兰州,0
临沂,廊坊,0
临沂,连云港,0
临沂,临沂,0
临沂,柳州,0
临沂,洛阳,0
临沂,南昌,0
临沂,南充,0
临沂,南京,0
临沂,南宁,0
临沂,南通,0
临沂,内江,0
临沂,宁波,0
临沂,青岛,2889.3152
临沂,泉州,0
临沂,汕头,0
临沂,上海,0
临沂,深圳,0
临沂,沈阳,0
临沂,石家庄,0
临沂,苏州,0
临沂,台州,0
临沂,太原,0
临沂,唐山,0
临沂,天津,0
临沂,潍坊,1315.0894
临沂,温州,0
临沂,乌鲁木齐,0
临沂,无锡,0
临沂,芜湖,0
临沂,武汉,0
临沂,西安,0
临沂,西宁,0
临沂,厦门,0
临沂,襄阳,0
临沂,信阳,0
临沂,徐州,0
临沂,烟台,3335.0904
临沂,盐城,0
临沂,扬州,0
临沂,义乌,0
临沂,银川,0
临沂,鹰潭,0
临沂,湛江,0
临沂,郑州,55367.9604
临沂,中山,0
临沂,重庆,0
临沂,漯河,0
柳州,阿克苏,0
柳州,安庆,0
柳州,蚌埠,0
柳州,包头,0
柳州,保定,0
柳州,宝鸡,0
柳州,北京,0
柳州,常德,0
柳州,常州,0
柳州,长春,0
柳州,长沙,13770.8796
柳州,成都,0
柳州,大理州,0
柳州,大连,0
柳州,东莞,0
柳州,福州,0
柳州,赣州,0
柳州,广州,27672.2162
柳州,贵阳,0
柳州,哈尔滨,0
柳州,海口,0
柳州,杭州,0
柳州,合肥,0
柳州,衡阳,0
柳州,侯马,0
柳州,呼和浩特,0
柳州,湖州,0
柳州,淮安,0
柳州,济南,3420.5494
柳州,济宁,0
柳州,嘉兴,0
柳州,金华,0
柳州,锦州,0
柳州,荆州,0
柳州,喀什,0
柳州,昆明,0
柳州,拉萨,0
柳州,兰州,0
柳州,廊坊,0
柳州,连云港,0
柳州,临沂,0
柳州,柳州,0
柳州,洛阳,0
柳州,南昌,0
柳州,南充,0
柳州,南京,0
柳州,南宁,28694.355
柳州,南通,0
柳州,内江,0
柳州,宁波,0
柳州,青岛,0
柳州,泉州,0
柳州,汕头,0
柳州,上海,5111.2196
柳州,深圳,0
柳州,沈阳,1509.689
柳州,石家庄,0
柳州,苏州,0
柳州,台州,0
柳州,太原,0
柳州,唐山,0
柳州,天津,0
柳州,潍坊,0
柳州,温州,0
柳州,乌鲁木齐,0
柳州,无锡,0
柳州,芜湖,0
柳州,武汉,10111.1268
柳州,西安,3991.6496
柳州,西宁,0
柳州,厦门,0
柳州,襄阳,0
柳州,信阳,0
柳州,徐州,0
柳州,烟台,0
柳州,盐城,0
柳州,扬州,0
柳州,义乌,0
柳州,银川,0
柳州,鹰潭,0
柳州,湛江,0
柳州,郑州,0
柳州,中山,0
柳州,重庆,0
柳州,漯河,0
洛阳,阿克苏,0
洛阳,安庆,0
洛阳,蚌埠,0
洛阳,包头,0
洛阳,保定,0
洛阳,宝鸡,0
洛阳,北京,0
洛阳,常德,0
洛阳,常州,0
洛阳,长春,0
洛阳,长沙,26840.7822
洛阳,成都,35806.2228
洛阳,大理州,0
洛阳,大连,0
洛阳,东莞,0
洛阳,福州,0
洛阳,赣州,0
洛阳,广州,57446.5778
洛阳,贵阳,0
洛阳,哈尔滨,0
洛阳,海口,0
洛阳,杭州,8762.8108
洛阳,合肥,16225.2018
洛阳,衡阳,0
洛阳,侯马,0
洛阳,呼和浩特,0
洛阳,湖州,0
洛阳,淮安,0
洛阳,济南,30283.367
洛阳,济宁,0
洛阳,嘉兴,0
洛阳,金华,0
洛阳,锦州,0
洛阳,荆州,0
洛阳,喀什,0
洛阳,昆明,0
洛阳,拉萨,0
洛阳,兰州,0
洛阳,廊坊,0
洛阳,连云港,0
洛阳,临沂,0
洛阳,柳州,0
洛阳,洛阳,0
洛阳,南昌,0
洛阳,南充,0
洛阳,南京,59348.3568
洛阳,南宁,0
洛阳,南通,0
洛阳,内江,0
洛阳,宁波,0
洛阳,青岛,0
洛阳,泉州,0
洛阳,汕头,0
洛阳,上海,0
洛阳,深圳,0
洛阳,沈阳,0
洛阳,石家庄,18144.9428
洛阳,苏州,0
洛阳,台州,0
洛阳,太原,14330.92
洛阳,唐山,0
洛阳,天津,0
洛阳,潍坊,0
洛阳,温州,0
洛阳,乌鲁木齐,0
洛阳,无锡,0
洛阳,芜湖,0
洛阳,武汉,32303.7002
洛阳,西安,67976.0422
洛阳,西宁,0
洛阳,厦门,0
洛阳,襄阳,0
洛阳,信阳,5907.4412
洛阳,徐州,0
洛阳,烟台,0
洛阳,盐城,0
洛阳,扬州,0
洛阳,义乌,0
洛阳,银川,0
洛阳,鹰潭,0
洛阳,湛江,0
洛阳,郑州,115272.7404
洛阳,中山,0
洛阳,重庆,0
洛阳,漯河,5043.7846
南昌,阿克苏,0
南昌,安庆,0
南昌,蚌埠,0
南昌,包头,0
南昌,保定,0
南昌,宝鸡,0
南昌,北京,28949.4032
南昌,常德,0
南昌,常州,0
南昌,长春,14412.499
南昌,长沙,66602.8694
南昌,成都,41455.1226
南昌,大理州,0
南昌,大连,0
南昌,东莞,0
南昌,福州,23555.1028
南昌,赣州,117824.454
南昌,广州,116557.779
南昌,贵阳,20855.3172
南昌,哈尔滨,0
南昌,海口,0
南昌,杭州,88908.9344
南昌,合肥,62702.0736
南昌,衡阳,0
南昌,侯马,0
南昌,呼和浩特,0
南昌,湖州,0
南昌,淮安,0
南昌,济南,55603.2218
南昌,济宁,0
南昌,嘉兴,0
南昌,金华,0
南昌,锦州,15151.619
南昌,荆州,0
南昌,喀什,0
南昌,昆明,22635.9834
南昌,拉萨,0
南昌,兰州,28292.311
南昌,廊坊,4011.8454
南昌,连云港,0
南昌,临沂,0
南昌,柳州,0
南昌,洛阳,0
南昌,南昌,0
南昌,南充,0
南昌,南京,28554.8092
南昌,南宁,0
南昌,南通,0
南昌,内江,0
南昌,宁波,0
南昌,青岛,0
南昌,泉州,0
南昌,汕头,0
南昌,上海,31965.9524
南昌,深圳,0
南昌,沈阳,0
南昌,石家庄,29554.0548
南昌,苏州,0
南昌,台州,0
南昌,太原,33583.3986
南昌,唐山,0
南昌,天津,60124.1272
南昌,潍坊,0
南昌,温州,0
南昌,乌鲁木齐,0
南昌,无锡,0
南昌,芜湖,0
南昌,武汉,55795.2554
南昌,西安,42451.7328
南昌,西宁,0
南昌,厦门,52308.1288
南昌,襄阳,0
南昌,信阳,0
南昌,徐州,0
南昌,烟台,0
南昌,盐城,0
南昌,扬州,0
南昌,义乌,0
南昌,银川,0
南昌,鹰潭,48417.9292
南昌,湛江,0
南昌,郑州,62664.1786
南昌,中山,0
南昌,重庆,34403.8348
南昌,漯河,0
南充,阿克苏,0
南充,安庆,0
南充,蚌埠,0
南充,包头,0
南充,保定,0
南充,宝鸡,0
南充,北京,0
南充,常德,0
南充,常州,0
南充,长春,0
南充,长沙,0
南充,成都,19116.959
南充,大理州,0
南充,大连,0
南充,东莞,0
南充,福州,0
南充,赣州,0
南充,广州,0
南充,贵阳,0
南充,哈尔滨,0
南充,海口,0
南充,杭州,0
南充,合肥,0
南充,衡阳,0
南充,侯马,0
南充,呼和浩特,0
南充,湖州,0
南充,淮安,0
南充,济南,0
南充,济宁,0
南充,嘉兴,0
南充,金华,0
南充,锦州,0
南充,荆州,0
南充,喀什,0
南充,昆明,0
南充,拉萨,0
南充,兰州,0
南充,廊坊,0
南充,连云港,0
南充,临沂,0
南充,柳州,0
南充,洛阳,0
南充,南昌,0
南充,南充,0
南充,南京,0
南充,南宁,0
南充,南通,0
南充,内江,406.6976
南充,宁波,0
南充,青岛,0
南充,泉州,0
南充,汕头,0
南充,上海,0
南充,深圳,0
南充,沈阳,0
南充,石家庄,0
南充,苏州,0
南充,台州,0
南充,太原,0
南充,唐山,0
南充,天津,0
南充,潍坊,0
南充,温州,0
南充,乌鲁木齐,0
南充,无锡,0
南充,芜湖,0
南充,武汉,0
南充,西安,0
南充,西宁,0
南充,厦门,0
南充,襄阳,0
南充,信阳,0
南充,徐州,0
南充,烟台,0
南充,盐城,0
南充,扬州,0
南充,义乌,0
南充,银川,0
南充,鹰潭,0
南充,湛江,0
南充,郑州,0
南充,中山,0
南充,重庆,77821.0684
南充,漯河,0
南京,阿克苏,0
南京,安庆,28472.9674
南京,蚌埠,31415.829
南京,包头,0
南京,保定,0
南京,宝鸡,0
南京,北京,41379.8508
南京,常德,0
南京,常州,115041.3886
南京,长春,23231.09
南京,长沙,35921.9408
南京,成都,30118.3768
南京,大理州,0
南京,大连,0
南京,东莞,0
南京,福州,22111.0018
南京,赣州,0
南京,广州,72179.0014
南京,贵阳,28654.6056
南京,哈尔滨,27193.8566
南京,海口,0
南京,杭州,32095.5516
南京,合肥,40343.5754
南京,衡阳,0
南京,侯马,0
南京,呼和浩特,24315.7252
南京,湖州,60521.3566
南京,淮安,40821.7814
南京,济南,43337.5562
南京,济宁,0
南京,嘉兴,31277.8822
南京,金华,30243.0448
南京,锦州,0
南京,荆州,0
南京,喀什,0
南京,昆明,40445.7444
南京,拉萨,0
南京,兰州,27771.4722
南京,廊坊,0
南京,连云港,53673.8738
南京,临沂,0
南京,柳州,0
南京,洛阳,0
南京,南昌,0
南京,南充,0
南京,南京,0
南京,南宁,15167.9348
南京,南通,94963.7434
南京,内江,0
南京,宁波,47486.7682
南京,青岛,51474.9246
南京,泉州,0
南京,汕头,0
南京,上海,81350.751
南京,深圳,34020.618
南京,沈阳,36416.3238
南京,石家庄,24959.1916
南京,苏州,112722.3852
南京,台州,45113.3606
南京,太原,15777.4482
南京,唐山,0
南京,天津,28324.8732
南京,潍坊,0
南京,温州,70294.1332
南京,乌鲁木齐,0
南京,无锡,55221.2644
南京,芜湖,57785.052
南京,武汉,37231.2412
南京,西安,21835.4182
南京,西宁,0
南京,厦门,33949.3724
南京,襄阳,0
南京,信阳,0
南京,徐州,35083.1484
南京,烟台,0
南京,盐城,77935.0088
南京,扬州,64339.2594
南京,义乌,0
南京,银川,0
南京,鹰潭,15176.684
南京,湛江,0
南京,郑州,44457.6518
南京,中山,0
南京,重庆,29512.4112
南京,漯河,0
南宁,阿克苏,0
南宁,安庆,0
南宁,蚌埠,0
南宁,包头,0
南宁,保定,0
南宁,宝鸡,0
南宁,北京,0
南宁,常德,0
南宁,常州,0
南宁,长春,0
南宁,长沙,68234.3578
南宁,成都,35094.5478
南宁,大理州,0
南宁,大连,0
南宁,东莞,17847.4626
南宁,福州,0
南宁,赣州,7121.9458
南宁,广州,111407.5336
南宁,贵阳,26950.726
南宁,哈尔滨,0
南宁,海口,69266.4904
南宁,杭州,41513.2282
南宁,合肥,26515.2148
南宁,衡阳,0
南宁,侯马,0
南宁,呼和浩特,0
南宁,湖州,0
南宁,淮安,0
南宁,济南,22966.7744
南宁,济宁,0
南宁,嘉兴,0
南宁,金华,0
南宁,锦州,0
南宁,荆州,0
南宁,喀什,0
南宁,昆明,46185.0344
南宁,拉萨,0
南宁,兰州,0
南宁,廊坊,0
南宁,连云港,0
南宁,临沂,0
南宁,柳州,110899.1704
南宁,洛阳,0
南宁,南昌,0
南宁,南充,0
南宁,南京,17246.034
南宁,南宁,0
南宁,南通,0
南宁,内江,0
南宁,宁波,0
南宁,青岛,0
南宁,泉州,0
南宁,汕头,0
南宁,上海,17894.7638
南宁,深圳,33434.6002
南宁,沈阳,24635.6026
南宁,石家庄,14783.875
南宁,苏州,0
南宁,台州,0
南宁,太原,0
南宁,唐山,0
南宁,天津,0
南宁,潍坊,0
南宁,温州,0
南宁,乌鲁木齐,0
南宁,无锡,0
南宁,芜湖,0
南宁,武汉,75874.1822
南宁,西安,31547.0272
南宁,西宁,0
南宁,厦门,18458.0346
南宁,襄阳,0
南宁,信阳,0
南宁,徐州,0
南宁,烟台,0
南宁,盐城,0
南宁,扬州,0
南宁,义乌,0
南宁,银川,0
南宁,鹰潭,0
南宁,湛江,0
南宁,郑州,34322.0078
南宁,中山,0
南宁,重庆,34988.893
南宁,漯河,0
南通,阿克苏,0
南通,安庆,0
南通,蚌埠,7783.1734
南通,包头,0
南通,保定,0
南通,宝鸡,0
南通,北京,0
南通,常德,0
南通,常州,13078.7286
南通,长春,16847.7534
南通,长沙,23742.0738
南通,成都,20792.1018
南通,大理州,0
南通,大连,0
南通,东莞,0
南通,福州,22856.3124
南通,赣州,0
南通,广州,53695.924
南通,贵阳,9479.6326
南通,哈尔滨,0
南通,海口,0
南通,杭州,43570.1276
南通,合肥,20424.3504
南通,衡阳,0
南通,侯马,0
南通,呼和浩特,0
南通,湖州,0
南通,淮安,3003.0622
南通,济南,84875.9188
南通,济宁,0
南通,嘉兴,0
南通,金华,19939.629
南通,锦州,0
南通,荆州,0
南通,喀什,0
南通,昆明,0
南通,拉萨,0
南通,兰州,0
南通,廊坊,0
南通,连云港,7087.011
南通,临沂,0
南通,柳州,21020.114
南通,洛阳,0
南通,南昌,0
南通,南充,0
南通,南京,49239.2232
南通,南宁,0
南通,南通,0
南通,内江,0
南通,宁波,16070.3442
南通,青岛,0
南通,泉州,0
南通,汕头,0
南通,上海,46321.7514
南通,深圳,15348.7226
南通,沈阳,0
南通,石家庄,0
南通,苏州,50952.261
南通,台州,0
南通,太原,0
南通,唐山,0
南通,天津,0
南通,潍坊,0
南通,温州,8914.0586
南通,乌鲁木齐,0
南通,无锡,24246.334
南通,芜湖,0
南通,武汉,21599.9708
南通,西安,52330.9674
南通,西宁,0
南通,厦门,0
南通,襄阳,0
南通,信阳,0
南通,徐州,17571.941
南通,烟台,0
南通,盐城,10661.3048
南通,扬州,17616.5448
南通,义乌,0
南通,银川,0
南通,鹰潭,0
南通,湛江,0
南通,郑州,36185.691
南通,中山,0
南通,重庆,0
南通,漯河,0
内江,阿克苏,0
内江,安庆,0
内江,蚌埠,0
内江,包头,0
内江,保定,0
内江,宝鸡,0
内江,北京,0
内江,常德,0
内江,常州,0
内江,长春,0
内江,长沙,0
内江,成都,5921.6546
内江,大理州,0
内江,大连,0
内江,东莞,0
内江,福州,0
内江,赣州,0
内江,广州,0
内江,贵阳,11183.3956
内江,哈尔滨,0
内江,海口,0
内江,杭州,0
内江,合肥,0
内江,衡阳,0
内江,侯马,0
内江,呼和浩特,0
内江,湖州,0
内江,淮安,0
内江,济南,0
内江,济宁,0
内江,嘉兴,0
内江,金华,0
内江,锦州,0
内江,荆州,0
内江,喀什,0
内江,昆明,0
内江,拉萨,0
内江,兰州,0
内江,廊坊,0
内江,连云港,0
内江,临沂,0
内江,柳州,0
内江,洛阳,0
内江,南昌,0
内江,南充,732.5426
内江,南京,0
内江,南宁,0
内江,南通,0
内江,内江,0
内江,宁波,0
内江,青岛,0
内江,泉州,0
内江,汕头,0
内江,上海,0
内江,深圳,0
内江,沈阳,0
内江,石家庄,0
内江,苏州,0
内江,台州,0
内江,太原,0
内江,唐山,0
内江,天津,0
内江,潍坊,0
内江,温州,0
内江,乌鲁木齐,0
内江,无锡,0
内江,芜湖,0
内江,武汉,0
内江,西安,0
内江,西宁,0
内江,厦门,0
内江,襄阳,0
内江,信阳,0
内江,徐州,0
内江,烟台,0
内江,盐城,0
内江,扬州,0
内江,义乌,0
内江,银川,0
内江,鹰潭,0
内江,湛江,0
内江,郑州,0
内江,中山,0
内江,重庆,32227.6622
内江,漯河,0
宁波,阿克苏,0
宁波,安庆,0
宁波,蚌埠,0
宁波,包头,0
宁波,保定,0
宁波,宝鸡,0
宁波,北京,0
宁波,常德,0
宁波,常州,0
宁波,长春,0
宁波,长沙,27978.5696
宁波,成都,26061.526
宁波,大理州,0
宁波,大连,0
宁波,东莞,0
宁波,福州,36283.4322
宁波,赣州,0
宁波,广州,49140.7806
宁波,贵阳,13465.4858
宁波,哈尔滨,0
宁波,海口,0
宁波,杭州,59600.6382
宁波,合肥,12294.9974
宁波,衡阳,0
宁波,侯马,0
宁波,呼和浩特,0
宁波,湖州,3620.343
宁波,淮安,0
宁波,济南,29110.3746
宁波,济宁,0
宁波,嘉兴,6476.6324
宁波,金华,65284.4034
宁波,锦州,0
宁波,荆州,0
宁波,喀什,0
宁波,昆明,0
宁波,拉萨,0
宁波,兰州,0
宁波,廊坊,0
宁波,连云港,0
宁波,临沂,0
宁波,柳州,0
宁波,洛阳,0
宁波,南昌,0
宁波,南充,0
宁波,南京,9675.4768
宁波,南宁,13573.9694
宁波,南通,0
宁波,内江,0
宁波,宁波,0
宁波,青岛,18094.0864
宁波,泉州,0
宁波,汕头,0
宁波,上海,24073.4996
宁波,深圳,0
宁波,沈阳,17785.2142
宁波,石家庄,19763.4402
宁波,苏州,35572.4688
宁波,台州,11897.5126
宁波,太原,0
宁波,唐山,0
宁波,天津,0
宁波,潍坊,0
宁波,温州,10444.9252
宁波,乌鲁木齐,0
宁波,无锡,53928.7832
宁波,芜湖,6476.6324
宁波,武汉,23492.3982
宁波,西安,26644.2042
宁波,西宁,0
宁波,厦门,0
宁波,襄阳,0
宁波,信阳,0
宁波,徐州,0
宁波,烟台,0
宁波,盐城,0
宁波,扬州,0
宁波,义乌,2861.947
宁波,银川,0
宁波,鹰潭,5506.664
宁波,湛江,0
宁波,郑州,40851.2446
宁波,中山,8577.6174
宁波,重庆,0
宁波,漯河,0
青岛,阿克苏,0
青岛,安庆,0
青岛,蚌埠,0
青岛,包头,0
青岛,保定,0
青岛,宝鸡,0
青岛,北京,51910.3812
青岛,常德,0
青岛,常州,0
青岛,长春,0
青岛,长沙,0
青岛,成都,0
青岛,大理州,0
青岛,大连,0
青岛,东莞,0
青岛,福州,0
青岛,赣州,0
青岛,广州,0
青岛,贵阳,0
青岛,哈尔滨,0
青岛,海口,0
青岛,杭州,21042.2882
青岛,合肥,0
青岛,衡阳,0
青岛,侯马,0
青岛,呼和浩特,0
青岛,湖州,0
青岛,淮安,0
青岛,济南,61083.5068
青岛,济宁,4858.9234
青岛,嘉兴,0
青岛,金华,0
青岛,锦州,0
青岛,荆州,0
青岛,喀什,0
青岛,昆明,0
青岛,拉萨,0
青岛,兰州,0
青岛,廊坊,0
青岛,连云港,0
青岛,临沂,2175.9172
青岛,柳州,0
青岛,洛阳,0
青岛,南昌,0
青岛,南充,0
青岛,南京,75540.679
青岛,南宁,0
青岛,南通,0
青岛,内江,0
青岛,宁波,0
青岛,青岛,0
青岛,泉州,0
青岛,汕头,0
青岛,上海,34825.797
青岛,深圳,0
青岛,沈阳,0
青岛,石家庄,0
青岛,苏州,0
青岛,台州,0
青岛,太原,0
青岛,唐山,0
青岛,天津,0
青岛,潍坊,19080.564
青岛,温州,0
青岛,乌鲁木齐,0
青岛,无锡,0
青岛,芜湖,0
青岛,武汉,0
青岛,西安,0
青岛,西宁,0
青岛,厦门,0
青岛,襄阳,0
青岛,信阳,0
青岛,徐州,0
青岛,烟台,75727.0254
青岛,盐城,0
青岛,扬州,0
青岛,义乌,0
青岛,银川,0
青岛,鹰潭,0
青岛,湛江,0
青岛,郑州,0
青岛,中山,12815.38
青岛,重庆,0
青岛,漯河,0
泉州,阿克苏,0
泉州,安庆,49166.5322
泉州,蚌埠,0
泉州,包头,0
泉州,保定,0
泉州,宝鸡,0
泉州,北京,0
泉州,常德,0
泉州,常州,0
泉州,长春,0
泉州,长沙,29322.5568
泉州,成都,25378.2084
泉州,大理州,0
泉州,大连,0
泉州,东莞,0
泉州,福州,54745.8946
泉州,赣州,0
泉州,广州,156057.5512
泉州,贵阳,0
泉州,哈尔滨,0
泉州,海口,0
泉州,杭州,30509.2296
泉州,合肥,0
泉州,衡阳,0
泉州,侯马,0
泉州,呼和浩特,0
泉州,湖州,0
泉州,淮安,0
泉州,济南,73561.4166
泉州,济宁,0
泉州,嘉兴,0
泉州,金华,33423.2156
泉州,锦州,0
泉州,荆州,0
泉州,喀什,0
泉州,昆明,0
泉州,拉萨,0
泉州,兰州,0
泉州,廊坊,0
泉州,连云港,0
泉州,临沂,0
泉州,柳州,0
泉州,洛阳,0
泉州,南昌,22442.6432
泉州,南充,0
泉州,南京,18136.3324
泉州,南宁,0
泉州,南通,0
泉州,内江,0
泉州,宁波,0
泉州,青岛,0
泉州,泉州,0
泉州,汕头,0
泉州,上海,27489.4574
泉州,深圳,0
泉州,沈阳,0
泉州,石家庄,0
泉州,苏州,0
泉州,台州,0
泉州,太原,0
泉州,唐山,0
泉州,天津,0
泉州,潍坊,0
泉州,温州,0
泉州,乌鲁木齐,0
泉州,无锡,26186.4716
泉州,芜湖,0
泉州,武汉,58386.3714
泉州,西安,50929.5686
泉州,西宁,0
泉州,厦门,99582.6278
泉州,襄阳,0
泉州,信阳,0
泉州,徐州,0
泉州,烟台,0
泉州,盐城,0
泉州,扬州,0
泉州,义乌,0
泉州,银川,0
泉州,鹰潭,0
泉州,湛江,0
泉州,郑州,30796.3912
泉州,中山,37358.6834
泉州,重庆,18400.7322
泉州,漯河,0
汕头,阿克苏,0
汕头,安庆,0
汕头,蚌埠,0
汕头,包头,0
汕头,保定,0
汕头,宝鸡,0
汕头,北京,0
汕头,常德,0
汕头,常州,0
汕头,长春,0
汕头,长沙,0
汕头,成都,0
汕头,大理州,0
汕头,大连,0
汕头,东莞,27658.1962
汕头,福州,0
汕头,赣州,0
汕头,广州,74052.9338
汕头,贵阳,0
汕头,哈尔滨,0
汕头,海口,0
汕头,杭州,0
汕头,合肥,0
汕头,衡阳,0
汕头,侯马,0
汕头,呼和浩特,0
汕头,湖州,0
汕头,淮安,0
汕头,济南,0
汕头,济宁,0
汕头,嘉兴,0
汕头,金华,0
汕头,锦州,0
汕头,荆州,0
汕头,喀什,0
汕头,昆明,0
汕头,拉萨,0
汕头,兰州,0
汕头,廊坊,0
汕头,连云港,0
汕头,临沂,0
汕头,柳州,0
汕头,洛阳,0
汕头,南昌,0
汕头,南充,0
汕头,南京,0
汕头,南宁,0
汕头,南通,0
汕头,内江,0
汕头,宁波,0
汕头,青岛,0
汕头,泉州,0
汕头,汕头,0
汕头,上海,0
汕头,深圳,8473.7402
汕头,沈阳,0
汕头,石家庄,0
汕头,苏州,0
汕头,台州,0
汕头,太原,0
汕头,唐山,0
汕头,天津,0
汕头,潍坊,0
汕头,温州,0
汕头,乌鲁木齐,0
汕头,无锡,32157.577
汕头,芜湖,0
汕头,武汉,0
汕头,西安,0
汕头,西宁,0
汕头,厦门,77923.8648
汕头,襄阳,0
汕头,信阳,0
汕头,徐州,0
汕头,烟台,0
汕头,盐城,0
汕头,扬州,0
汕头,义乌,0
汕头,银川,0
汕头,鹰潭,0
汕头,湛江,11668.3104
汕头,郑州,0
汕头,中山,16926.8284
汕头,重庆,0
汕头,漯河,0
上海,阿克苏,0
上海,安庆,0
上海,蚌埠,5942.376
上海,包头,0
上海,保定,0
上海,宝鸡,0
上海,北京,36974.7402
上海,常德,0
上海,常州,13107.805
上海,长春,11525.487
上海,长沙,22691.5776
上海,成都,26173.9664
上海,大理州,0
上海,大连,0
上海,东莞,0
上海,福州,26407.775
上海,赣州,0
上海,广州,41697.0234
上海,贵阳,11528.3158
上海,哈尔滨,14999.6522
上海,海口,10628.279
上海,杭州,36322.9188
上海,合肥,18727.0334
上海,衡阳,0
上海,侯马,0
上海,呼和浩特,17292.2766
上海,湖州,3989.3464
上海,淮安,0
上海,济南,31403.0758
上海,济宁,0
上海,嘉兴,14876.499
上海,金华,15166.6208
上海,锦州,0
上海,荆州,0
上海,喀什,0
上海,昆明,14158.2318
上海,拉萨,0
上海,兰州,19872.194
上海,廊坊,2253.8096
上海,连云港,0
上海,临沂,0
上海,柳州,0
上海,洛阳,0
上海,南昌,0
上海,南充,0
上海,南京,17272.7378
上海,南宁,12032.4446
上海,南通,21693.4526
上海,内江,0
上海,宁波,25958.1198
上海,青岛,26109.6924
上海,泉州,0
上海,汕头,10913.1374
上海,上海,0
上海,深圳,19384.381
上海,沈阳,20298.5618
上海,石家庄,14475.7218
上海,苏州,18829.9908
上海,台州,9204.4432
上海,太原,11475.357
上海,唐山,0
上海,天津,16495.46
上海,潍坊,0
上海,温州,10789.7214
上海,乌鲁木齐,22071.1978
上海,无锡,18133.5656
上海,芜湖,5337.8558
上海,武汉,30082.5916
上海,西安,20933.6732
上海,西宁,0
上海,厦门,12728.8698
上海,襄阳,0
上海,信阳,0
上海,徐州,8430.257
上海,烟台,0
上海,盐城,0
上海,扬州,0
上海,义乌,0
上海,银川,0
上海,鹰潭,6140.1986
上海,湛江,0
上海,郑州,46324.7042
上海,中山,8951.2272
上海,重庆,19359.4474
上海,漯河,0
深圳,阿克苏,0
深圳,安庆,0
深圳,蚌埠,0
深圳,包头,0
深圳,保定,0
深圳,宝鸡,0
深圳,北京,0
深圳,常德,0
深圳,常州,0
深圳,长春,0
深圳,长沙,11956.9026
深圳,成都,9603.1652
深圳,大理州,0
深圳,大连,0
深圳,东莞,6743.985
深圳,福州,0
深圳,赣州,6430.8386
深圳,广州,38300.8228
深圳,贵阳,0
深圳,哈尔滨,0
深圳,海口,0
深圳,杭州,12436.6234
深圳,合肥,16575.9582
深圳,衡阳,0
深圳,侯马,0
深圳,呼和浩特,0
深圳,湖州,0
深圳,淮安,0
深圳,济南,10481.6228
深圳,济宁,0
深圳,嘉兴,0
深圳,金华,10356.035
深圳,锦州,0
深圳,荆州,0
深圳,喀什,0
深圳,昆明,0
深圳,拉萨,0
深圳,兰州,0
深圳,廊坊,0
深圳,连云港,0
深圳,临沂,0
深圳,柳州,0
深圳,洛阳,0
深圳,南昌,0
深圳,南充,0
深圳,南京,8370.1804
深圳,南宁,10556.8178
深圳,南通,0
深圳,内江,0
深圳,宁波,0
深圳,青岛,0
深圳,泉州,0
深圳,汕头,6725.7676
深圳,上海,6264.2642
深圳,深圳,0
深圳,沈阳,0
深圳,石家庄,0
深圳,苏州,0
深圳,台州,0
深圳,太原,0
深圳,唐山,0
深圳,天津,0
深圳,潍坊,0
深圳,温州,0
深圳,乌鲁木齐,0
深圳,无锡,1874.2794
深圳,芜湖,0
深圳,武汉,15580.2678
深圳,西安,14478.5284
深圳,西宁,0
深圳,厦门,10768.7844
深圳,襄阳,0
深圳,信阳,0
深圳,徐州,0
深圳,烟台,0
深圳,盐城,0
深圳,扬州,0
深圳,义乌,0
深圳,银川,0
深圳,鹰潭,0
深圳,湛江,4563.1366
深圳,郑州,12813.3868
深圳,中山,5098.645
深圳,重庆,0
深圳,漯河,0
沈阳,阿克苏,0
沈阳,安庆,0
沈阳,蚌埠,0
沈阳,包头,0
沈阳,保定,0
沈阳,宝鸡,0
沈阳,北京,37294.1244
沈阳,常德,0
沈阳,常州,0
沈阳,长春,25318.6574
沈阳,长沙,8407.82
沈阳,成都,0
沈阳,大理州,0
沈阳,大连,24679.2098
沈阳,东莞,0
沈阳,福州,0
沈阳,赣州,0
沈阳,广州,17632.3896
沈阳,贵阳,0
沈阳,哈尔滨,30718.8782
沈阳,海口,0
沈阳,杭州,9464.1672
沈阳,合肥,0
沈阳,衡阳,0
沈阳,侯马,0
沈阳,呼和浩特,9686.6606
沈阳,湖州,0
沈阳,淮安,0
沈阳,济南,35353.1984
沈阳,济宁,0
沈阳,嘉兴,0
沈阳,金华,0
沈阳,锦州,16109.4838
沈阳,荆州,0
沈阳,喀什,0
沈阳,昆明,0
沈阳,拉萨,0
沈阳,兰州,0
沈阳,廊坊,8640.9716
沈阳,连云港,0
沈阳,临沂,0
沈阳,柳州,0
沈阳,洛阳,0
沈阳,南昌,0
沈阳,南充,0
沈阳,南京,35167.7422
沈阳,南宁,0
沈阳,南通,0
沈阳,内江,0
沈阳,宁波,0
沈阳,青岛,0
沈阳,泉州,0
沈阳,汕头,0
沈阳,上海,0
沈阳,深圳,0
沈阳,沈阳,0
沈阳,石家庄,14084.2814
沈阳,苏州,0
沈阳,台州,0
沈阳,太原,7513.178
沈阳,唐山,0
沈阳,天津,29806.9312
沈阳,潍坊,0
沈阳,温州,0
沈阳,乌鲁木齐,0
沈阳,无锡,0
沈阳,芜湖,0
沈阳,武汉,12540.6468
沈阳,西安,24306.5818
沈阳,西宁,0
沈阳,厦门,0
沈阳,襄阳,0
沈阳,信阳,0
沈阳,徐州,0
沈阳,烟台,0
沈阳,盐城,0
沈阳,扬州,0
沈阳,义乌,0
沈阳,银川,0
沈阳,鹰潭,0
沈阳,湛江,0
沈阳,郑州,16241.8424
沈阳,中山,0
沈阳,重庆,0
沈阳,漯河,0
石家庄,阿克苏,0
石家庄,安庆,0
石家庄,蚌埠,9180.4294
石家庄,包头,0
石家庄,保定,168350.263
石家庄,宝鸡,0
石家庄,北京,66637.1398
石家庄,常德,0
石家庄,常州,0
石家庄,长春,20801.8328
石家庄,长沙,39491.891
石家庄,成都,40536.861
石家庄,大理州,0
石家庄,大连,0
石家庄,东莞,0
石家庄,福州,34945.3256
石家庄,赣州,0
石家庄,广州,64815.2242
石家庄,贵阳,21615.4908
石家庄,哈尔滨,27095.9072
石家庄,海口,0
石家庄,杭州,15084.5162
石家庄,合肥,17452.9926
石家庄,衡阳,0
石家庄,侯马,0
石家庄,呼和浩特,29040.976
石家庄,湖州,0
石家庄,淮安,0
石家庄,济南,91181.4176
石家庄,济宁,0
石家庄,嘉兴,0
石家庄,金华,0
石家庄,锦州,0
石家庄,荆州,0
石家庄,喀什,0
石家庄,昆明,0
石家庄,拉萨,0
石家庄,兰州,38493.5032
石家庄,廊坊,16522.1712
石家庄,连云港,0
石家庄,临沂,0
石家庄,柳州,0
石家庄,洛阳,0
石家庄,南昌,34458.4324
石家庄,南充,0
石家庄,南京,83017.995
石家庄,南宁,21364.9722
石家庄,南通,0
石家庄,内江,0
石家庄,宁波,0
石家庄,青岛,0
石家庄,泉州,0
石家庄,汕头,0
石家庄,上海,26376.326
石家庄,深圳,0
石家庄,沈阳,30224.6886
石家庄,石家庄,0
石家庄,苏州,0
石家庄,台州,0
石家庄,太原,34599.4162
石家庄,唐山,34001.1412
石家庄,天津,28449.9428
石家庄,潍坊,0
石家庄,温州,0
石家庄,乌鲁木齐,0
石家庄,无锡,0
石家庄,芜湖,0
石家庄,武汉,46479.6932
石家庄,西安,53116.5854
石家庄,西宁,0
石家庄,厦门,0
石家庄,襄阳,0
石家庄,信阳,0
石家庄,徐州,0
石家庄,烟台,0
石家庄,盐城,0
石家庄,扬州,0
石家庄,义乌,0
石家庄,银川,0
石家庄,鹰潭,0
石家庄,湛江,0
石家庄,郑州,74584.3836
石家庄,中山,0
石家庄,重庆,48775.61
石家庄,漯河,0
苏州,阿克苏,0
苏州,安庆,0
苏州,蚌埠,7063.322
苏州,包头,0
苏州,保定,0
苏州,宝鸡,0
苏州,北京,16934.7818
苏州,常德,0
苏州,常州,20524.07
苏州,长春,7432.5882
苏州,长沙,17472.7248
苏州,成都,15394.3702
苏州,大理州,0
苏州,大连,0
苏州,东莞,0
苏州,福州,24042.0506
苏州,赣州,0
苏州,广州,26399.0804
苏州,贵阳,0
苏州,哈尔滨,0
苏州,海口,0
苏州,杭州,32069.49
苏州,合肥,15151.4182
苏州,衡阳,0
苏州,侯马,0
苏州,呼和浩特,0
苏州,湖州,0
苏州,淮安,11806.458
苏州,济南,34270.0632
苏州,济宁,0
苏州,嘉兴,84940.3094
苏州,金华,15355.424
苏州,锦州,0
苏州,荆州,0
苏州,喀什,0
苏州,昆明,0
苏州,拉萨,0
苏州,兰州,21126.0242
苏州,廊坊,0
苏州,连云港,3104.7676
苏州,临沂,0
苏州,柳州,0
苏州,洛阳,0
苏州,南昌,0
苏州,南充,0
苏州,南京,17328.1238
苏州,南宁,0
苏州,南通,41232.4756
苏州,内江,0
苏州,宁波,35064.5988
苏州,青岛,0
苏州,泉州,0
苏州,汕头,0
苏州,上海,38154.4266
苏州,深圳,8404.597
苏州,沈阳,10924.5146
苏州,石家庄,0
苏州,苏州,0
苏州,台州,0
苏州,太原,9207.2646
苏州,唐山,0
苏州,天津,10887.7402
苏州,潍坊,0
苏州,温州,12261.7088
苏州,乌鲁木齐,0
苏州,无锡,57719.8434
苏州,芜湖,4827.8686
苏州,武汉,17927.512
苏州,西安,14067.7028
苏州,西宁,0
苏州,厦门,20012.2506
苏州,襄阳,0
苏州,信阳,0
苏州,徐州,32978.0678
苏州,烟台,0
苏州,盐城,29048.7212
苏州,扬州,9095.4266
苏州,义乌,0
苏州,银川,0
苏州,鹰潭,5060.1004
苏州,湛江,0
苏州,郑州,25120.5026
苏州,中山,14983.4678
苏州,重庆,11746.1334
苏州,漯河,0
台州,阿克苏,0
台州,安庆,0
台州,蚌埠,0
台州,包头,0
台州,保定,0
台州,宝鸡,0
台州,北京,0
台州,常德,0
台州,常州,6330.5786
台州,长春,0
台州,长沙,19364.4878
台州,成都,17298.8318
台州,大理州,0
台州,大连,0
台州,东莞,0
台州,福州,38321.7524
台州,赣州,0
台州,广州,28851.5408
台州,贵阳,10934.7018
台州,哈尔滨,0
台州,海口,0
台州,杭州,33593.224
台州,合肥,9180.2212
台州,衡阳,0
台州,侯马,0
台州,呼和浩特,0
台州,湖州,2334.33
台州,淮安,0
台州,济南,21448.0364
台州,济宁,0
台州,嘉兴,4250.253
台州,金华,28327.8732
台州,锦州,0
台州,荆州,0
台州,喀什,0
台州,昆明,10859.1126
台州,拉萨,0
台州,兰州,0
台州,廊坊,0
台州,连云港,0
台州,临沂,0
台州,柳州,0
台州,洛阳,0
台州,南昌,12041.836
台州,南充,0
台州,南京,7716.2566
台州,南宁,8410.51
台州,南通,3296.2062
台州,内江,0
台州,宁波,8712.3412
台州,青岛,11999.6668
台州,泉州,0
台州,汕头,0
台州,上海,16973.976
台州,深圳,0
台州,沈阳,0
台州,石家庄,12253.5398
台州,苏州,21243.8992
台州,台州,0
台州,太原,6274.791
台州,唐山,0
台州,天津,0
台州,潍坊,0
台州,温州,7080.8824
台州,乌鲁木齐,0
台州,无锡,44706.6038
台州,芜湖,3006.3472
台州,武汉,15642.308
台州,西安,18994.039
台州,西宁,0
台州,厦门,0
台州,襄阳,0
台州,信阳,0
台州,徐州,0
台州,烟台,0
台州,盐城,0
台州,扬州,0
台州,义乌,2203.0846
台州,银川,0
台州,鹰潭,0
台州,湛江,0
台州,郑州,27491.322
台州,中山,14604.4484
台州,重庆,0
台州,漯河,0
太原,阿克苏,0
太原,安庆,0
太原,蚌埠,0
太原,包头,0
太原,保定,0
太原,宝鸡,0
太原,北京,31347.8906
太原,常德,0
太原,常州,0
太原,长春,0
太原,长沙,11436.743
太原,成都,5461.8668
太原,大理州,0
太原,大连,0
太原,东莞,0
太原,福州,0
太原,赣州,0
太原,广州,20817.499
太原,贵阳,0
太原,哈尔滨,0
太原,海口,0
太原,杭州,4074.8054
太原,合肥,7829.5548
太原,衡阳,0
太原,侯马,31027.2322
太原,呼和浩特,48045.8962
太原,湖州,0
太原,淮安,0
太原,济南,22480.144
太原,济宁,0
太原,嘉兴,0
太原,金华,0
太原,锦州,0
太原,荆州,0
太原,喀什,0
太原,昆明,0
太原,拉萨,0
太原,兰州,0
太原,廊坊,0
太原,连云港,0
太原,临沂,0
太原,柳州,0
太原,洛阳,0
太原,南昌,5827.0522
太原,南充,0
太原,南京,16619.6718
太原,南宁,0
太原,南通,0
太原,内江,0
太原,宁波,0
太原,青岛,0
太原,泉州,0
太原,汕头,0
太原,上海,6442.2306
太原,深圳,0
太原,沈阳,8177.5046
太原,石家庄,15697.793
太原,苏州,0
太原,台州,0
太原,太原,0
太原,唐山,0
太原,天津,24713.7578
太原,潍坊,0
太原,温州,0
太原,乌鲁木齐,0
太原,无锡,0
太原,芜湖,0
太原,武汉,16572.502
太原,西安,20366.329
太原,西宁,0
太原,厦门,0
太原,襄阳,0
太原,信阳,0
太原,徐州,0
太原,烟台,0
太原,盐城,0
太原,扬州,0
太原,义乌,0
太原,银川,0
太原,鹰潭,0
太原,湛江,0
太原,郑州,26415.7432
太原,中山,0
太原,重庆,7550.8796
太原,漯河,0
唐山,阿克苏,0
唐山,安庆,0
唐山,蚌埠,0
唐山,包头,0
唐山,保定,10350.655
唐山,宝鸡,0
唐山,北京,11768.9646
唐山,常德,0
唐山,常州,0
唐山,长春,0
唐山,长沙,0
唐山,成都,0
唐山,大理州,0
唐山,大连,0
唐山,东莞,0
唐山,福州,0
唐山,赣州,0
唐山,广州,0
唐山,贵阳,0
唐山,哈尔滨,0
唐山,海口,0
唐山,杭州,0
唐山,合肥,0
唐山,衡阳,0
唐山,侯马,0
唐山,呼和浩特,0
唐山,湖州,0
唐山,淮安,0
唐山,济南,0
唐山,济宁,0
唐山,嘉兴,0
唐山,金华,0
唐山,锦州,0
唐山,荆州,0
唐山,喀什,0
唐山,昆明,0
唐山,拉萨,0
唐山,兰州,0
唐山,廊坊,1173.0544
唐山,连云港,0
唐山,临沂,0
唐山,柳州,0
唐山,洛阳,0
唐山,南昌,0
唐山,南充,0
唐山,南京,0
唐山,南宁,0
唐山,南通,0
唐山,内江,0
唐山,宁波,0
唐山,青岛,0
唐山,泉州,0
唐山,汕头,0
唐山,上海,0
唐山,深圳,0
唐山,沈阳,0
唐山,石家庄,6441.767
唐山,苏州,0
唐山,台州,0
唐山,太原,0
唐山,唐山,0
唐山,天津,30054.6284
唐山,潍坊,0
唐山,温州,0
唐山,乌鲁木齐,0
唐山,无锡,0
唐山,芜湖,0
唐山,武汉,0
唐山,西安,0
唐山,西宁,0
唐山,厦门,0
唐山,襄阳,0
唐山,信阳,0
唐山,徐州,0
唐山,烟台,0
唐山,盐城,0
唐山,扬州,0
唐山,义乌,0
唐山,银川,0
唐山,鹰潭,0
唐山,湛江,0
唐山,郑州,0
唐山,中山,0
唐山,重庆,0
唐山,漯河,0
天津,阿克苏,0
天津,安庆,0
天津,蚌埠,0
天津,包头,0
天津,保定,0
天津,宝鸡,0
天津,北京,54256.3734
天津,常德,0
天津,常州,0
天津,长春,55090.2198
天津,长沙,22680.069
天津,成都,0
天津,大理州,0
天津,大连,0
天津,东莞,0
天津,福州,0
天津,赣州,0
天津,广州,40679.8926
天津,贵阳,0
天津,哈尔滨,199984.264
天津,海口,0
天津,杭州,12111.589
天津,合肥,0
天津,衡阳,0
天津,侯马,0
天津,呼和浩特,19361.225
天津,湖州,0
天津,淮安,0
天津,济南,97968.2112
天津,济宁,0
天津,嘉兴,0
天津,金华,0
天津,锦州,0
天津,荆州,0
天津,喀什,0
天津,昆明,0
天津,拉萨,0
天津,兰州,0
天津,廊坊,12120.601
天津,连云港,0
天津,临沂,0
天津,柳州,0
天津,洛阳,0
天津,南昌,21550.4978
天津,南充,0
天津,南京,43830.2532
天津,南宁,0
天津,南通,0
天津,内江,0
天津,宁波,0
天津,青岛,0
天津,泉州,0
天津,汕头,0
天津,上海,52260.5722
天津,深圳,0
天津,沈阳,62985.3552
天津,石家庄,35807.4822
天津,苏州,0
天津,台州,0
天津,太原,26353.1774
天津,唐山,155992.7618
天津,天津,0
天津,潍坊,0
天津,温州,0
天津,乌鲁木齐,0
天津,无锡,0
天津,芜湖,0
天津,武汉,28331.272
天津,西安,51014.8962
天津,西宁,0
天津,厦门,0
天津,襄阳,0
天津,信阳,0
天津,徐州,0
天津,烟台,0
天津,盐城,0
天津,扬州,0
天津,义乌,0
天津,银川,0
天津,鹰潭,0
天津,湛江,0
天津,郑州,42642.2664
天津,中山,0
天津,重庆,0
天津,漯河,0
潍坊,阿克苏,0
潍坊,安庆,0
潍坊,蚌埠,0
潍坊,包头,0
潍坊,保定,0
潍坊,宝鸡,0
潍坊,北京,0
潍坊,常德,0
潍坊,常州,0
潍坊,长春,0
潍坊,长沙,0
潍坊,成都,0
潍坊,大理州,0
潍坊,大连,0
潍坊,东莞,0
潍坊,福州,0
潍坊,赣州,0
潍坊,广州,0
潍坊,贵阳,0
潍坊,哈尔滨,0
潍坊,海口,0
潍坊,杭州,0
潍坊,合肥,0
潍坊,衡阳,0
潍坊,侯马,0
潍坊,呼和浩特,0
潍坊,湖州,0
潍坊,淮安,0
潍坊,济南,134653.5264
潍坊,济宁,1476.5318
潍坊,嘉兴,0
潍坊,金华,0
潍坊,锦州,0
潍坊,荆州,0
潍坊,喀什,0
潍坊,昆明,0
潍坊,拉萨,0
潍坊,兰州,0
潍坊,廊坊,0
潍坊,连云港,0
潍坊,临沂,23659.1734
潍坊,柳州,0
潍坊,洛阳,0
潍坊,南昌,0
潍坊,南充,0
潍坊,南京,0
潍坊,南宁,0
潍坊,南通,0
潍坊,内江,0
潍坊,宁波,0
潍坊,青岛,26037.4576
潍坊,泉州,0
潍坊,汕头,0
潍坊,上海,0
潍坊,深圳,0
潍坊,沈阳,0
潍坊,石家庄,0
潍坊,苏州,0
潍坊,台州,0
潍坊,太原,0
潍坊,唐山,0
潍坊,天津,0
潍坊,潍坊,0
潍坊,温州,0
潍坊,乌鲁木齐,0
潍坊,无锡,0
潍坊,芜湖,0
潍坊,武汉,0
潍坊,西安,0
潍坊,西宁,0
潍坊,厦门,0
潍坊,襄阳,0
潍坊,信阳,0
潍坊,徐州,0
潍坊,烟台,4711.2308
潍坊,盐城,0
潍坊,扬州,0
潍坊,义乌,0
潍坊,银川,0
潍坊,鹰潭,0
潍坊,湛江,0
潍坊,郑州,0
潍坊,中山,0
潍坊,重庆,0
潍坊,漯河,0
温州,阿克苏,0
温州,安庆,0
温州,蚌埠,0
温州,包头,0
温州,保定,0
温州,宝鸡,0
温州,北京,0
温州,常德,0
温州,常州,24009.9992
温州,长春,0
温州,长沙,17156.2092
温州,成都,14603.5286
温州,大理州,0
温州,大连,0
温州,东莞,0
温州,福州,41522.7686
温州,赣州,0
温州,广州,36576.4226
温州,贵阳,0
温州,哈尔滨,0
温州,海口,0
温州,杭州,58193.0738
温州,合肥,11208.7086
温州,衡阳,0
温州,侯马,0
温州,呼和浩特,0
温州,湖州,4053.1568
温州,淮安,0
温州,济南,16275.4484
温州,济宁,0
温州,嘉兴,7846.783
温州,金华,42244.2588
温州,锦州,0
温州,荆州,0
温州,喀什,0
温州,昆明,0
温州,拉萨,0
温州,兰州,0
温州,廊坊,0
温州,连云港,0
温州,临沂,0
温州,柳州,0
温州,洛阳,0
温州,南昌,0
温州,南充,0
温州,南京,7414.0312
温州,南宁,0
温州,南通,5579.8186
温州,内江,0
温州,宁波,15749.3536
温州,青岛,9446.53
温州,泉州,0
温州,汕头,0
温州,上海,16212.6892
温州,深圳,0
温州,沈阳,0
温州,石家庄,0
温州,苏州,17236.2808
温州,台州,15207.9942
温州,太原,0
温州,唐山,0
温州,天津,0
温州,潍坊,0
温州,温州,0
温州,乌鲁木齐,0
温州,无锡,10289.133
温州,芜湖,0
温州,武汉,28196.8286
温州,西安,0
温州,西宁,0
温州,厦门,0
温州,襄阳,0
温州,信阳,0
温州,徐州,0
温州,烟台,0
温州,盐城,0
温州,扬州,0
温州,义乌,3400.547
温州,银川,0
温州,鹰潭,3471.5298
温州,湛江,0
温州,郑州,26871.676
温州,中山,11072.4626
温州,重庆,0
温州,漯河,0
乌鲁木齐,阿克苏,12589.6016
乌鲁木齐,安庆,0
乌鲁木齐,蚌埠,0
乌鲁木齐,包头,0
乌鲁木齐,保定,0
乌鲁木齐,宝鸡,0
乌鲁木齐,北京,20088.1794
乌鲁木齐,常德,0
乌鲁木齐,常州,0
乌鲁木齐,长春,0
乌鲁木齐,长沙,0
乌鲁木齐,成都,14639.5368
乌鲁木齐,大理州,0
乌鲁木齐,大连,0
乌鲁木齐,东莞,0
乌鲁木齐,福州,0
乌鲁木齐,赣州,0
乌鲁木齐,广州,0
乌鲁木齐,贵阳,0
乌鲁木齐,哈尔滨,0
乌鲁木齐,海口,0
乌鲁木齐,杭州,7679.6904
乌鲁木齐,合肥,0
乌鲁木齐,衡阳,0
乌鲁木齐,侯马,0
乌鲁木齐,呼和浩特,0
乌鲁木齐,湖州,0
乌鲁木齐,淮安,0
乌鲁木齐,济南,0
乌鲁木齐,济宁,0
乌鲁木齐,嘉兴,0
乌鲁木齐,金华,0
乌鲁木齐,锦州,0
乌鲁木齐,荆州,0
乌鲁木齐,喀什,6035.3322
乌鲁木齐,昆明,0
乌鲁木齐,拉萨,0
乌鲁木齐,兰州,8854.6538
乌鲁木齐,廊坊,0
乌鲁木齐,连云港,0
乌鲁木齐,临沂,0
乌鲁木齐,柳州,0
乌鲁木齐,洛阳,0
乌鲁木齐,南昌,0
乌鲁木齐,南充,0
乌鲁木齐,南京,0
乌鲁木齐,南宁,0
乌鲁木齐,南通,0
乌鲁木齐,内江,0
乌鲁木齐,宁波,0
乌鲁木齐,青岛,0
乌鲁木齐,泉州,0
乌鲁木齐,汕头,0
乌鲁木齐,上海,0
乌鲁木齐,深圳,0
乌鲁木齐,沈阳,0
乌鲁木齐,石家庄,0
乌鲁木齐,苏州,0
乌鲁木齐,台州,0
乌鲁木齐,太原,0
乌鲁木齐,唐山,0
乌鲁木齐,天津,0
乌鲁木齐,潍坊,0
乌鲁木齐,温州,0
乌鲁木齐,乌鲁木齐,0
乌鲁木齐,无锡,0
乌鲁木齐,芜湖,0
乌鲁木齐,武汉,8016.4564
乌鲁木齐,西安,20886.905
乌鲁木齐,西宁,0
乌鲁木齐,厦门,0
乌鲁木齐,襄阳,0
乌鲁木齐,信阳,0
乌鲁木齐,徐州,0
乌鲁木齐,烟台,0
乌鲁木齐,盐城,0
乌鲁木齐,扬州,0
乌鲁木齐,义乌,0
乌鲁木齐,银川,0
乌鲁木齐,鹰潭,0
乌鲁木齐,湛江,0
乌鲁木齐,郑州,9921.6592
乌鲁木齐,中山,0
乌鲁木齐,重庆,0
乌鲁木齐,漯河,0
无锡,阿克苏,0
无锡,安庆,11021.5516
无锡,蚌埠,4932.735
无锡,包头,0
无锡,保定,0
无锡,宝鸡,0
无锡,北京,39701.8644
无锡,常德,0
无锡,常州,17701.4014
无锡,长春,27345.5532
无锡,长沙,8781.3604
无锡,成都,9185.492
无锡,大理州,0
无锡,大连,0
无锡,东莞,0
无锡,福州,4815.765
无锡,赣州,0
无锡,广州,14806.4286
无锡,贵阳,13588.7704
无锡,哈尔滨,125783.348
无锡,海口,0
无锡,杭州,10327.6924
无锡,合肥,9327.527
无锡,衡阳,0
无锡,侯马,0
无锡,呼和浩特,0
无锡,湖州,9448.5778
无锡,淮安,4450.4482
无锡,济南,14898.465
无锡,济宁,0
无锡,嘉兴,10560.7126
无锡,金华,6869.4488
无锡,锦州,0
无锡,荆州,0
无锡,喀什,0
无锡,昆明,13638.5062
无锡,拉萨,0
无锡,兰州,9904.5476
无锡,廊坊,7475.8086
无锡,连云港,22261.7786
无锡,临沂,0
无锡,柳州,0
无锡,洛阳,0
无锡,南昌,0
无锡,南充,0
无锡,南京,14410.652
无锡,南宁,3558.7664
无锡,南通,9518.3086
无锡,内江,0
无锡,宁波,16284.081
无锡,青岛,60718.1132
无锡,泉州,14799.9752
无锡,汕头,6176.5094
无锡,上海,18333.8154
无锡,深圳,5286.4738
无锡,沈阳,27254.3672
无锡,石家庄,18905.5032
无锡,苏州,52195.4256
无锡,台州,18449.4714
无锡,太原,4913.1962
无锡,唐山,0
无锡,天津,40405.9182
无锡,潍坊,0
无锡,温州,3790.009
无锡,乌鲁木齐,0
无锡,无锡,0
无锡,芜湖,8271.4426
无锡,武汉,11930.469
无锡,西安,9511.4684
无锡,西宁,0
无锡,厦门,0
无锡,襄阳,0
无锡,信阳,0
无锡,徐州,9592.5838
无锡,烟台,0
无锡,盐城,14685.4472
无锡,扬州,12076.322
无锡,义乌,0
无锡,银川,0
无锡,鹰潭,2722.7408
无锡,湛江,0
无锡,郑州,18390.5228
无锡,中山,2901.156
无锡,重庆,6708.0064
无锡,漯河,0
芜湖,阿克苏,0
芜湖,安庆,19458.7108
芜湖,蚌埠,27087.2894
芜湖,包头,0
芜湖,保定,0
芜湖,宝鸡,0
芜湖,北京,0
芜湖,常德,0
芜湖,常州,0
芜湖,长春,0
芜湖,长沙,13591.0116
芜湖,成都,15028.3344
芜湖,大理州,0
芜湖,大连,0
芜湖,东莞,0
芜湖,福州,13148.0652
芜湖,赣州,0
芜湖,广州,0
芜湖,贵阳,0
芜湖,哈尔滨,0
芜湖,海口,0
芜湖,杭州,13016.9512
芜湖,合肥,32987.8904
芜湖,衡阳,0
芜湖,侯马,0
芜湖,呼和浩特,0
芜湖,湖州,0
芜湖,淮安,0
芜湖,济南,21227.675
芜湖,济宁,0
芜湖,嘉兴,0
芜湖,金华,2409.9886
芜湖,锦州,0
芜湖,荆州,0
芜湖,喀什,0
芜湖,昆明,0
芜湖,拉萨,0
芜湖,兰州,0
芜湖,廊坊,0
芜湖,连云港,0
芜湖,临沂,0
芜湖,柳州,0
芜湖,洛阳,0
芜湖,南昌,43192.4296
芜湖,南充,0
芜湖,南京,37407.0904
芜湖,南宁,10715.709
芜湖,南通,0
芜湖,内江,0
芜湖,宁波,3212.4628
芜湖,青岛,0
芜湖,泉州,0
芜湖,汕头,0
芜湖,上海,13704.4958
芜湖,深圳,0
芜湖,沈阳,0
芜湖,石家庄,10815.969
芜湖,苏州,0
芜湖,台州,0
芜湖,太原,6012.5704
芜湖,唐山,0
芜湖,天津,0
芜湖,潍坊,0
芜湖,温州,0
芜湖,乌鲁木齐,0
芜湖,无锡,6182.4992
芜湖,芜湖,0
芜湖,武汉,17463.5194
芜湖,西安,24155.6736
芜湖,西宁,0
芜湖,厦门,0
芜湖,襄阳,0
芜湖,信阳,0
芜湖,徐州,0
芜湖,烟台,0
芜湖,盐城,0
芜湖,扬州,0
芜湖,义乌,0
芜湖,银川,0
芜湖,鹰潭,0
芜湖,湛江,0
芜湖,郑州,19773.7736
芜湖,中山,9305.8858
芜湖,重庆,0
芜湖,漯河,0
武汉,阿克苏,0
武汉,安庆,0
武汉,蚌埠,0
武汉,包头,0
武汉,保定,0
武汉,宝鸡,0
武汉,北京,112026.2376
武汉,常德,0
武汉,常州,25499.584
武汉,长春,34917.5086
武汉,长沙,154237.1282
武汉,成都,79924.8896
武汉,大理州,0
武汉,大连,0
武汉,东莞,0
武汉,福州,86630.4688
武汉,赣州,0
武汉,广州,161681.1704
武汉,贵阳,50441.8796
武汉,哈尔滨,0
武汉,海口,0
武汉,杭州,82547.9654
武汉,合肥,104154.645
武汉,衡阳,0
武汉,侯马,0
武汉,呼和浩特,43576.8364
武汉,湖州,0
武汉,淮安,0
武汉,济南,79783.1174
武汉,济宁,0
武汉,嘉兴,0
武汉,金华,0
武汉,锦州,0
武汉,荆州,78749.5098
武汉,喀什,0
武汉,昆明,57863.4848
武汉,拉萨,0
武汉,兰州,89966.5956
武汉,廊坊,12740.185
武汉,连云港,0
武汉,临沂,0
武汉,柳州,0
武汉,洛阳,0
武汉,南昌,82645.9842
武汉,南充,0
武汉,南京,72876.6934
武汉,南宁,113099.094
武汉,南通,0
武汉,内江,0
武汉,宁波,0
武汉,青岛,0
武汉,泉州,0
武汉,汕头,0
武汉,上海,79650.1638
武汉,深圳,103660.1852
武汉,沈阳,47005.2152
武汉,石家庄,50942.8474
武汉,苏州,43459.735
武汉,台州,0
武汉,太原,44059.8496
武汉,唐山,0
武汉,天津,85725.3
武汉,潍坊,0
武汉,温州,0
武汉,乌鲁木齐,0
武汉,无锡,0
武汉,芜湖,17986.9936
武汉,武汉,0
武汉,西安,123228.1458
武汉,西宁,0
武汉,厦门,115702.9632
武汉,襄阳,120681.7104
武汉,信阳,143962.1096
武汉,徐州,0
武汉,烟台,0
武汉,盐城,0
武汉,扬州,0
武汉,义乌,0
武汉,银川,0
武汉,鹰潭,0
武汉,湛江,0
武汉,郑州,55279.2932
武汉,中山,0
武汉,重庆,86785.5892
武汉,漯河,0
西安,阿克苏,43453.0114
西安,安庆,0
西安,蚌埠,0
西安,包头,0
西安,保定,0
西安,宝鸡,74687.8666
西安,北京,73537.4102
西安,常德,0
西安,常州,0
西安,长春,0
西安,长沙,64534.3374
西安,成都,89044.2134
西安,大理州,0
西安,大连,0
西安,东莞,0
西安,福州,0
西安,赣州,0
西安,广州,274275.1982
西安,贵阳,0
西安,哈尔滨,0
西安,海口,0
西安,杭州,71486.3544
西安,合肥,77656.3558
西安,衡阳,0
西安,侯马,33379.006
西安,呼和浩特,73260.6366
西安,湖州,0
西安,淮安,0
西安,济南,51167.458
西安,济宁,0
西安,嘉兴,0
西安,金华,0
西安,锦州,0
西安,荆州,0
西安,喀什,0
西安,昆明,80351.5128
西安,拉萨,0
西安,兰州,92985.9736
西安,廊坊,0
西安,连云港,0
西安,临沂,0
西安,柳州,0
西安,洛阳,0
西安,南昌,45488.2298
西安,南充,0
西安,南京,65863.1766
西安,南宁,57456.4698
西安,南通,0
西安,内江,0
西安,宁波,0
西安,青岛,0
西安,泉州,17845.9478
西安,汕头,0
西安,上海,67117.81
西安,深圳,0
西安,沈阳,39499.7352
西安,石家庄,33138.2258
西安,苏州,40028.1406
西安,台州,0
西安,太原,38979.8162
西安,唐山,0
西安,天津,82950.0714
西安,潍坊,0
西安,温州,0
西安,乌鲁木齐,135759.9342
西安,无锡,0
西安,芜湖,0
西安,武汉,101086.0096
西安,西安,0
西安,西宁,44622.0544
西安,厦门,0
西安,襄阳,0
西安,信阳,0
西安,徐州,0
西安,烟台,0
西安,盐城,0
西安,扬州,0
西安,义乌,0
西安,银川,100548.5626
西安,鹰潭,0
西安,湛江,0
西安,郑州,91549.7316
西安,中山,0
西安,重庆,88412.1936
西安,漯河,0
西宁,阿克苏,0
西宁,安庆,0
西宁,蚌埠,0
西宁,包头,0
西宁,保定,0
西宁,宝鸡,0
西宁,北京,0
西宁,常德,0
西宁,常州,0
西宁,长春,0
西宁,长沙,0
西宁,成都,0
西宁,大理州,0
西宁,大连,0
西宁,东莞,0
西宁,福州,0
西宁,赣州,0
西宁,广州,0
西宁,贵阳,0
西宁,哈尔滨,0
西宁,海口,0
西宁,杭州,0
西宁,合肥,0
西宁,衡阳,0
西宁,侯马,0
西宁,呼和浩特,0
西宁,湖州,0
西宁,淮安,0
西宁,济南,0
西宁,济宁,0
西宁,嘉兴,0
西宁,金华,0
西宁,锦州,0
西宁,荆州,0
西宁,喀什,0
西宁,昆明,0
西宁,拉萨,80036.512
西宁,兰州,8392.8256
西宁,廊坊,0
西宁,连云港,0
西宁,临沂,0
西宁,柳州,0
西宁,洛阳,0
西宁,南昌,0
西宁,南充,0
西宁,南京,0
西宁,南宁,0
西宁,南通,0
西宁,内江,0
西宁,宁波,0
西宁,青岛,0
西宁,泉州,0
西宁,汕头,0
西宁,上海,0
西宁,深圳,0
西宁,沈阳,0
西宁,石家庄,0
西宁,苏州,0
西宁,台州,0
西宁,太原,0
西宁,唐山,0
西宁,天津,0
西宁,潍坊,0
西宁,温州,0
西宁,乌鲁木齐,0
西宁,无锡,0
西宁,芜湖,0
西宁,武汉,0
西宁,西安,16286.0594
西宁,西宁,0
西宁,厦门,0
西宁,襄阳,0
西宁,信阳,0
西宁,徐州,0
西宁,烟台,0
西宁,盐城,0
西宁,扬州,0
西宁,义乌,0
西宁,银川,0
西宁,鹰潭,0
西宁,湛江,0
西宁,郑州,6602.5524
西宁,中山,0
西宁,重庆,0
西宁,漯河,0
厦门,阿克苏,0
厦门,安庆,0
厦门,蚌埠,0
厦门,包头,0
厦门,保定,0
厦门,宝鸡,0
厦门,北京,0
厦门,常德,0
厦门,常州,0
厦门,长春,0
厦门,长沙,30355.748
厦门,成都,22603.8228
厦门,大理州,0
厦门,大连,0
厦门,东莞,0
厦门,福州,44534.2996
厦门,赣州,0
厦门,广州,58566.6956
厦门,贵阳,29994.1798
厦门,哈尔滨,0
厦门,海口,0
厦门,杭州,44626.9384
厦门,合肥,65376.0826
厦门,衡阳,0
厦门,侯马,0
厦门,呼和浩特,0
厦门,湖州,0
厦门,淮安,0
厦门,济南,33005.3962
厦门,济宁,0
厦门,嘉兴,0
厦门,金华,36569.7582
厦门,锦州,0
厦门,荆州,0
厦门,喀什,0
厦门,昆明,0
厦门,拉萨,0
厦门,兰州,0
厦门,廊坊,0
厦门,连云港,0
厦门,临沂,0
厦门,柳州,0
厦门,洛阳,0
厦门,南昌,22207.3198
厦门,南充,0
厦门,南京,20039.232
厦门,南宁,10033.2344
厦门,南通,0
厦门,内江,0
厦门,宁波,0
厦门,青岛,0
厦门,泉州,87006.367
厦门,汕头,130634.2606
厦门,上海,31431.8968
厦门,深圳,50686.3538
厦门,沈阳,0
厦门,石家庄,0
厦门,苏州,0
厦门,台州,0
厦门,太原,0
厦门,唐山,0
厦门,天津,0
厦门,潍坊,0
厦门,温州,0
厦门,乌鲁木齐,0
厦门,无锡,7791.0028
厦门,芜湖,0
厦门,武汉,58673.7264
厦门,西安,39712.7456
厦门,西宁,0
厦门,厦门,0
厦门,襄阳,0
厦门,信阳,0
厦门,徐州,0
厦门,烟台,0
厦门,盐城,0
厦门,扬州,0
厦门,义乌,0
厦门,银川,0
厦门,鹰潭,0
厦门,湛江,0
厦门,郑州,26184.3618
厦门,中山,0
厦门,重庆,0
厦门,漯河,0
襄阳,阿克苏,0
襄阳,安庆,0
襄阳,蚌埠,0
襄阳,包头,0
襄阳,保定,0
襄阳,宝鸡,0
襄阳,北京,0
襄阳,常德,0
襄阳,常州,0
襄阳,长春,0
襄阳,长沙,0
襄阳,成都,0
襄阳,大理州,0
襄阳,大连,0
襄阳,东莞,0
襄阳,福州,0
襄阳,赣州,0
襄阳,广州,0
襄阳,贵阳,0
襄阳,哈尔滨,0
襄阳,海口,0
襄阳,杭州,0
襄阳,合肥,0
襄阳,衡阳,0
襄阳,侯马,0
襄阳,呼和浩特,0
襄阳,湖州,0
襄阳,淮安,0
襄阳,济南,0
襄阳,济宁,0
襄阳,嘉兴,0
襄阳,金华,0
襄阳,锦州,0
襄阳,荆州,11438.714
襄阳,喀什,0
襄阳,昆明,0
襄阳,拉萨,0
襄阳,兰州,0
襄阳,廊坊,0
襄阳,连云港,0
襄阳,临沂,0
襄阳,柳州,0
襄阳,洛阳,0
襄阳,南昌,0
襄阳,南充,0
襄阳,南京,0
襄阳,南宁,0
襄阳,南通,0
襄阳,内江,0
襄阳,宁波,0
襄阳,青岛,0
襄阳,泉州,0
襄阳,汕头,0
襄阳,上海,0
襄阳,深圳,0
襄阳,沈阳,0
襄阳,石家庄,0
襄阳,苏州,0
襄阳,台州,0
襄阳,太原,0
襄阳,唐山,0
襄阳,天津,0
襄阳,潍坊,0
襄阳,温州,0
襄阳,乌鲁木齐,0
襄阳,无锡,0
襄阳,芜湖,0
襄阳,武汉,103322.4994
襄阳,西安,0
襄阳,西宁,0
襄阳,厦门,0
襄阳,襄阳,0
襄阳,信阳,0
襄阳,徐州,0
襄阳,烟台,0
襄阳,盐城,0
襄阳,扬州,0
襄阳,义乌,0
襄阳,银川,0
襄阳,鹰潭,0
襄阳,湛江,0
襄阳,郑州,93901.746
襄阳,中山,0
襄阳,重庆,0
襄阳,漯河,0
信阳,阿克苏,0
信阳,安庆,0
信阳,蚌埠,0
信阳,包头,0
信阳,保定,0
信阳,宝鸡,0
信阳,北京,0
信阳,常德,0
信阳,常州,0
信阳,长春,0
信阳,长沙,0
信阳,成都,0
信阳,大理州,0
信阳,大连,0
信阳,东莞,0
信阳,福州,0
信阳,赣州,0
信阳,广州,27272.6142
信阳,贵阳,0
信阳,哈尔滨,0
信阳,海口,0
信阳,杭州,8948.7926
信阳,合肥,15738.7722
信阳,衡阳,0
信阳,侯马,0
信阳,呼和浩特,0
信阳,湖州,0
信阳,淮安,0
信阳,济南,48390.3602
信阳,济宁,0
信阳,嘉兴,0
信阳,金华,0
信阳,锦州,0
信阳,荆州,0
信阳,喀什,0
信阳,昆明,0
信阳,拉萨,0
信阳,兰州,0
信阳,廊坊,0
信阳,连云港,0
信阳,临沂,0
信阳,柳州,0
信阳,洛阳,43724.5216
信阳,南昌,0
信阳,南充,0
信阳,南京,28275.2142
信阳,南宁,0
信阳,南通,0
信阳,内江,0
信阳,宁波,0
信阳,青岛,0
信阳,泉州,0
信阳,汕头,0
信阳,上海,0
信阳,深圳,0
信阳,沈阳,0
信阳,石家庄,0
信阳,苏州,0
信阳,台州,0
信阳,太原,0
信阳,唐山,0
信阳,天津,0
信阳,潍坊,0
信阳,温州,0
信阳,乌鲁木齐,0
信阳,无锡,0
信阳,芜湖,0
信阳,武汉,61566.4506
信阳,西安,0
信阳,西宁,0
信阳,厦门,0
信阳,襄阳,0
信阳,信阳,0
信阳,徐州,0
信阳,烟台,0
信阳,盐城,0
信阳,扬州,0
信阳,义乌,0
信阳,银川,0
信阳,鹰潭,0
信阳,湛江,0
信阳,郑州,53288.4926
信阳,中山,0
信阳,重庆,0
信阳,漯河,52881.5794
徐州,阿克苏,0
徐州,安庆,0
徐州,蚌埠,33990.6912
徐州,包头,0
徐州,保定,0
徐州,宝鸡,0
徐州,北京,50696.0154
徐州,常德,0
徐州,常州,29912.2686
徐州,长春,27063.94
徐州,长沙,68889.318
徐州,成都,54247.2846
徐州,大理州,0
徐州,大连,0
徐州,东莞,0
徐州,福州,44224.1828
徐州,赣州,0
徐州,广州,119889.205
徐州,贵阳,36928.691
徐州,哈尔滨,46264.0474
徐州,海口,0
徐州,杭州,36582.5188
徐州,合肥,143401.9452
徐州,衡阳,0
徐州,侯马,0
徐州,呼和浩特,32040.421
徐州,湖州,0
徐州,淮安,14935.5096
徐州,济南,83398.0656
徐州,济宁,0
徐州,嘉兴,0
徐州,金华,12424.8668
徐州,锦州,30476.8534
徐州,荆州,0
徐州,喀什,0
徐州,昆明,28883.1582
徐州,拉萨,0
徐州,兰州,33493.472
徐州,廊坊,0
徐州,连云港,23368.464
徐州,临沂,0
徐州,柳州,29424.2548
徐州,洛阳,0
徐州,南昌,0
徐州,南充,0
徐州,南京,60095.0582
徐州,南宁,0
徐州,南通,31480.574
徐州,内江,0
徐州,宁波,20319.6154
徐州,青岛,49024.0882
徐州,泉州,0
徐州,汕头,0
徐州,上海,51647.1714
徐州,深圳,0
徐州,沈阳,65624.9402
徐州,石家庄,45952.0216
徐州,苏州,54269.915
徐州,台州,0
徐州,太原,21957.4582
徐州,唐山,0
徐州,天津,48677.0656
徐州,潍坊,0
徐州,温州,0
徐州,乌鲁木齐,0
徐州,无锡,18670.326
徐州,芜湖,0
徐州,武汉,82257.7742
徐州,西安,58331.2334
徐州,西宁,0
徐州,厦门,51413.6876
徐州,襄阳,0
徐州,信阳,0
徐州,徐州,0
徐州,烟台,0
徐州,盐城,24680.199
徐州,扬州,18671.1144
徐州,义乌,0
徐州,银川,0
徐州,鹰潭,16748.676
徐州,湛江,0
徐州,郑州,115236.722
徐州,中山,0
徐州,重庆,49335.7272
徐州,漯河,0
烟台,阿克苏,0
烟台,安庆,0
烟台,蚌埠,0
烟台,包头,0
烟台,保定,0
烟台,宝鸡,0
烟台,北京,0
烟台,常德,0
烟台,常州,0
烟台,长春,0
烟台,长沙,0
烟台,成都,0
烟台,大理州,0
烟台,大连,79785.4604
烟台,东莞,0
烟台,福州,0
烟台,赣州,0
烟台,广州,0
烟台,贵阳,0
烟台,哈尔滨,0
烟台,海口,0
烟台,杭州,0
烟台,合肥,0
烟台,衡阳,0
烟台,侯马,0
烟台,呼和浩特,0
烟台,湖州,0
烟台,淮安,0
烟台,济南,66211.5132
烟台,济宁,1384.4954
烟台,嘉兴,0
烟台,金华,0
烟台,锦州,0
烟台,荆州,0
烟台,喀什,0
烟台,昆明,0
烟台,拉萨,0
烟台,兰州,0
烟台,廊坊,0
烟台,连云港,0
烟台,临沂,7108.853
烟台,柳州,0
烟台,洛阳,0
烟台,南昌,0
烟台,南充,0
烟台,南京,0
烟台,南宁,0
烟台,南通,0
烟台,内江,0
烟台,宁波,0
烟台,青岛,44118.2032
烟台,泉州,0
烟台,汕头,0
烟台,上海,0
烟台,深圳,0
烟台,沈阳,0
烟台,石家庄,0
烟台,苏州,0
烟台,台州,0
烟台,太原,0
烟台,唐山,0
烟台,天津,0
烟台,潍坊,2055.8556
烟台,温州,0
烟台,乌鲁木齐,0
烟台,无锡,0
烟台,芜湖,0
烟台,武汉,0
烟台,西安,0
烟台,西宁,0
烟台,厦门,0
烟台,襄阳,0
烟台,信阳,0
烟台,徐州,0
烟台,烟台,0
烟台,盐城,0
烟台,扬州,0
烟台,义乌,0
烟台,银川,0
烟台,鹰潭,0
烟台,湛江,0
烟台,郑州,0
烟台,中山,0
烟台,重庆,0
烟台,漯河,0
盐城,阿克苏,0
盐城,安庆,0
盐城,蚌埠,0
盐城,包头,0
盐城,保定,0
盐城,宝鸡,0
盐城,北京,0
盐城,常德,0
盐城,常州,3088.5832
盐城,长春,0
盐城,长沙,0
盐城,成都,0
盐城,大理州,0
盐城,大连,0
盐城,东莞,0
盐城,福州,0
盐城,赣州,0
盐城,广州,12103.5514
盐城,贵阳,0
盐城,哈尔滨,0
盐城,海口,0
盐城,杭州,4161.6404
盐城,合肥,26367.0984
盐城,衡阳,0
盐城,侯马,0
盐城,呼和浩特,0
盐城,湖州,0
盐城,淮安,749.9096
盐城,济南,30461.8988
盐城,济宁,0
盐城,嘉兴,0
盐城,金华,0
盐城,锦州,0
盐城,荆州,0
盐城,喀什,0
盐城,昆明,0
盐城,拉萨,0
盐城,兰州,0
盐城,廊坊,0
盐城,连云港,892.076
盐城,临沂,0
盐城,柳州,0
盐城,洛阳,0
盐城,南昌,0
盐城,南充,0
盐城,南京,11565.477
盐城,南宁,0
盐城,南通,2988.3232
盐城,内江,0
盐城,宁波,0
盐城,青岛,0
盐城,泉州,0
盐城,汕头,0
盐城,上海,11332.789
盐城,深圳,0
盐城,沈阳,0
盐城,石家庄,0
盐城,苏州,16995.2998
盐城,台州,0
盐城,太原,0
盐城,唐山,0
盐城,天津,0
盐城,潍坊,0
盐城,温州,0
盐城,乌鲁木齐,0
盐城,无锡,7693.827
盐城,芜湖,0
盐城,武汉,0
盐城,西安,4066.9066
盐城,西宁,0
盐城,厦门,0
盐城,襄阳,0
盐城,信阳,0
盐城,徐州,6810.106
盐城,烟台,0
盐城,盐城,0
盐城,扬州,1279.4976
盐城,义乌,0
盐城,银川,0
盐城,鹰潭,0
盐城,湛江,0
盐城,郑州,20875.699
盐城,中山,0
盐城,重庆,0
盐城,漯河,0
扬州,阿克苏,0
扬州,安庆,0
扬州,蚌埠,0
扬州,包头,0
扬州,保定,0
扬州,宝鸡,0
扬州,北京,0
扬州,常德,0
扬州,常州,3797.8384
扬州,长春,0
扬州,长沙,8857.676
扬州,成都,11268.0588
扬州,大理州,0
扬州,大连,0
扬州,东莞,0
扬州,福州,5842.9044
扬州,赣州,0
扬州,广州,15483.3844
扬州,贵阳,0
扬州,哈尔滨,0
扬州,海口,0
扬州,杭州,17732.1934
扬州,合肥,32761.8418
扬州,衡阳,0
扬州,侯马,0
扬州,呼和浩特,0
扬州,湖州,0
扬州,淮安,905.6944
扬州,济南,14001.3264
扬州,济宁,0
扬州,嘉兴,0
扬州,金华,0
扬州,锦州,0
扬州,荆州,0
扬州,喀什,0
扬州,昆明,0
扬州,拉萨,0
扬州,兰州,0
扬州,廊坊,0
扬州,连云港,1315.2208
扬州,临沂,0
扬州,柳州,0
扬州,洛阳,0
扬州,南昌,0
扬州,南充,0
扬州,南京,20348.3596
扬州,南宁,4728.335
扬州,南通,4391.3062
扬州,内江,0
扬州,宁波,0
扬州,青岛,0
扬州,泉州,0
扬州,汕头,0
扬州,上海,13618.9054
扬州,深圳,0
扬州,沈阳,29317.943
扬州,石家庄,8425.9134
扬州,苏州,12889.5858
扬州,台州,0
扬州,太原,3048.323
扬州,唐山,0
扬州,天津,0
扬州,潍坊,0
扬州,温州,0
扬州,乌鲁木齐,0
扬州,无锡,6308.2184
扬州,芜湖,0
扬州,武汉,8804.8486
扬州,西安,17626.4072
扬州,西宁,0
扬州,厦门,0
扬州,襄阳,0
扬州,信阳,0
扬州,徐州,20515.8538
扬州,烟台,0
扬州,盐城,1908.6886
扬州,扬州,0
扬州,义乌,0
扬州,银川,0
扬州,鹰潭,1878.0974
扬州,湛江,0
扬州,郑州,16821.367
扬州,中山,0
扬州,重庆,0
扬州,漯河,0
义乌,阿克苏,0
义乌,安庆,0
义乌,蚌埠,0
义乌,包头,0
义乌,保定,0
义乌,宝鸡,0
义乌,北京,0
义乌,常德,0
义乌,常州,0
义乌,长春,0
义乌,长沙,92939.2998
义乌,成都,0
义乌,大理州,0
义乌,大连,0
义乌,东莞,0
义乌,福州,117208.5816
义乌,赣州,0
义乌,广州,187901.6922
义乌,贵阳,0
义乌,哈尔滨,0
义乌,海口,0
义乌,杭州,323107.1918
义乌,合肥,77456.379
义乌,衡阳,0
义乌,侯马,0
义乌,呼和浩特,0
义乌,湖州,9466.4704
义乌,淮安,0
义乌,济南,117805.0096
义乌,济宁,0
义乌,嘉兴,17444.831
义乌,金华,372005.546
义乌,锦州,0
义乌,荆州,0
义乌,喀什,0
义乌,昆明,0
义乌,拉萨,0
义乌,兰州,0
义乌,廊坊,0
义乌,连云港,0
义乌,临沂,0
义乌,柳州,0
义乌,洛阳,0
义乌,南昌,0
义乌,南充,0
义乌,南京,35391.0934
义乌,南宁,0
义乌,南通,0
义乌,内江,0
义乌,宁波,33175.8358
义乌,青岛,61446.699
义乌,泉州,0
义乌,汕头,0
义乌,上海,87856.1748
义乌,深圳,0
义乌,沈阳,0
义乌,石家庄,52300.8102
义乌,苏州,75238.0298
义乌,台州,16642.2254
义乌,太原,0
义乌,唐山,0
义乌,天津,0
义乌,潍坊,0
义乌,温州,27700.0258
义乌,乌鲁木齐,0
义乌,无锡,68658.8342
义乌,芜湖,13144.9042
义乌,武汉,145872.9182
义乌,西安,0
义乌,西宁,0
义乌,厦门,0
义乌,襄阳,0
义乌,信阳,0
义乌,徐州,0
义乌,烟台,0
义乌,盐城,0
义乌,扬州,0
义乌,义乌,0
义乌,银川,0
义乌,鹰潭,19451.2136
义乌,湛江,0
义乌,郑州,159990.2254
义乌,中山,0
义乌,重庆,0
义乌,漯河,0
银川,阿克苏,0
银川,安庆,0
银川,蚌埠,0
银川,包头,0
银川,保定,0
银川,宝鸡,0
银川,北京,0
银川,常德,0
银川,常州,0
银川,长春,0
银川,长沙,0
银川,成都,0
银川,大理州,0
银川,大连,0
银川,东莞,0
银川,福州,0
银川,赣州,0
银川,广州,0
银川,贵阳,0
银川,哈尔滨,0
银川,海口,0
银川,杭州,0
银川,合肥,0
银川,衡阳,0
银川,侯马,0
银川,呼和浩特,9954.6156
银川,湖州,0
银川,淮安,0
银川,济南,0
银川,济宁,0
银川,嘉兴,0
银川,金华,0
银川,锦州,0
银川,荆州,0
银川,喀什,0
银川,昆明,0
银川,拉萨,0
银川,兰州,5755.343
银川,廊坊,0
银川,连云港,0
银川,临沂,0
银川,柳州,0
银川,洛阳,0
银川,南昌,0
银川,南充,0
银川,南京,0
银川,南宁,0
银川,南通,0
银川,内江,0
银川,宁波,0
银川,青岛,0
银川,泉州,0
银川,汕头,0
银川,上海,0
银川,深圳,0
银川,沈阳,0
银川,石家庄,0
银川,苏州,0
银川,台州,0
银川,太原,0
银川,唐山,0
银川,天津,0
银川,潍坊,0
银川,温州,0
银川,乌鲁木齐,0
银川,无锡,0
银川,芜湖,0
银川,武汉,0
银川,西安,19183.0032
银川,西宁,0
银川,厦门,0
银川,襄阳,0
银川,信阳,0
银川,徐州,0
银川,烟台,0
银川,盐城,0
银川,扬州,0
银川,义乌,0
银川,银川,0
银川,鹰潭,0
银川,湛江,0
银川,郑州,0
银川,中山,0
银川,重庆,0
银川,漯河,0
鹰潭,阿克苏,0
鹰潭,安庆,0
鹰潭,蚌埠,0
鹰潭,包头,0
鹰潭,保定,0
鹰潭,宝鸡,0
鹰潭,北京,0
鹰潭,常德,0
鹰潭,常州,0
鹰潭,长春,0
鹰潭,长沙,0
鹰潭,成都,0
鹰潭,大理州,0
鹰潭,大连,0
鹰潭,东莞,0
鹰潭,福州,0
鹰潭,赣州,63888.3994
鹰潭,广州,0
鹰潭,贵阳,0
鹰潭,哈尔滨,0
鹰潭,海口,0
鹰潭,杭州,0
鹰潭,合肥,0
鹰潭,衡阳,0
鹰潭,侯马,0
鹰潭,呼和浩特,0
鹰潭,湖州,0
鹰潭,淮安,0
鹰潭,济南,0
鹰潭,济宁,0
鹰潭,嘉兴,0
鹰潭,金华,32992.7596
鹰潭,锦州,0
鹰潭,荆州,0
鹰潭,喀什,0
鹰潭,昆明,0
鹰潭,拉萨,0
鹰潭,兰州,0
鹰潭,廊坊,0
鹰潭,连云港,0
鹰潭,临沂,0
鹰潭,柳州,0
鹰潭,洛阳,0
鹰潭,南昌,53888.5924
鹰潭,南充,0
鹰潭,南京,29383.7938
鹰潭,南宁,0
鹰潭,南通,0
鹰潭,内江,0
鹰潭,宁波,0
鹰潭,青岛,0
鹰潭,泉州,0
鹰潭,汕头,0
鹰潭,上海,10950.6382
鹰潭,深圳,0
鹰潭,沈阳,0
鹰潭,石家庄,0
鹰潭,苏州,0
鹰潭,台州,0
鹰潭,太原,0
鹰潭,唐山,0
鹰潭,天津,0
鹰潭,潍坊,0
鹰潭,温州,0
鹰潭,乌鲁木齐,0
鹰潭,无锡,0
鹰潭,芜湖,0
鹰潭,武汉,0
鹰潭,西安,0
鹰潭,西宁,0
鹰潭,厦门,0
鹰潭,襄阳,0
鹰潭,信阳,0
鹰潭,徐州,0
鹰潭,烟台,0
鹰潭,盐城,0
鹰潭,扬州,0
鹰潭,义乌,0
鹰潭,银川,0
鹰潭,鹰潭,0
鹰潭,湛江,0
鹰潭,郑州,0
鹰潭,中山,0
鹰潭,重庆,0
鹰潭,漯河,0
湛江,阿克苏,0
湛江,安庆,0
湛江,蚌埠,0
湛江,包头,0
湛江,保定,0
湛江,宝鸡,0
湛江,北京,0
湛江,常德,0
湛江,常州,0
湛江,长春,0
湛江,长沙,0
湛江,成都,0
湛江,大理州,0
湛江,大连,0
湛江,东莞,5186.8088
湛江,福州,0
湛江,赣州,0
湛江,广州,113190.4808
湛江,贵阳,0
湛江,哈尔滨,0
湛江,海口,10134.144
湛江,杭州,0
湛江,合肥,0
湛江,衡阳,0
湛江,侯马,0
湛江,呼和浩特,0
湛江,湖州,0
湛江,淮安,0
湛江,济南,0
湛江,济宁,0
湛江,嘉兴,0
湛江,金华,0
湛江,锦州,0
湛江,荆州,0
湛江,喀什,0
湛江,昆明,0
湛江,拉萨,0
湛江,兰州,0
湛江,廊坊,0
湛江,连云港,0
湛江,临沂,0
湛江,柳州,0
湛江,洛阳,0
湛江,南昌,0
湛江,南充,0
湛江,南京,0
湛江,南宁,37363.3518
湛江,南通,0
湛江,内江,0
湛江,宁波,0
湛江,青岛,0
湛江,泉州,0
湛江,汕头,7738.5696
湛江,上海,0
湛江,深圳,7117.208
湛江,沈阳,0
湛江,石家庄,0
湛江,苏州,0
湛江,台州,0
湛江,太原,0
湛江,唐山,0
湛江,天津,0
湛江,潍坊,0
湛江,温州,0
湛江,乌鲁木齐,0
湛江,无锡,0
湛江,芜湖,0
湛江,武汉,0
湛江,西安,0
湛江,西宁,0
湛江,厦门,0
湛江,襄阳,0
湛江,信阳,0
湛江,徐州,0
湛江,烟台,0
湛江,盐城,0
湛江,扬州,0
湛江,义乌,0
湛江,银川,0
湛江,鹰潭,0
湛江,湛江,0
湛江,郑州,0
湛江,中山,5445.9452
湛江,重庆,0
湛江,漯河,0
郑州,阿克苏,0
郑州,安庆,0
郑州,蚌埠,54394.7144
郑州,包头,0
郑州,保定,0
郑州,宝鸡,0
郑州,北京,153203.404
郑州,常德,0
郑州,常州,0
郑州,长春,68276.9684
郑州,长沙,98391.3338
郑州,成都,74360.4522
郑州,大理州,0
郑州,大连,0
郑州,东莞,69799.1552
郑州,福州,31202.7566
郑州,赣州,0
郑州,广州,106661.5318
郑州,贵阳,72647.94
郑州,哈尔滨,93014.4698
郑州,海口,0
郑州,杭州,35053.0282
郑州,合肥,35493.4086
郑州,衡阳,0
郑州,侯马,242402.6564
郑州,呼和浩特,55555.1322
郑州,湖州,0
郑州,淮安,0
郑州,济南,150113.1126
郑州,济宁,0
郑州,嘉兴,0
郑州,金华,14873.5388
郑州,锦州,0
郑州,荆州,0
郑州,喀什,0
郑州,昆明,33816.3568
郑州,拉萨,0
郑州,兰州,41112.8304
郑州,廊坊,15713.1816
郑州,连云港,0
郑州,临沂,0
郑州,柳州,0
郑州,洛阳,236485.5536
郑州,南昌,50024.1296
郑州,南充,0
郑州,南京,50046.2344
郑州,南宁,62246.9616
郑州,南通,0
郑州,内江,0
郑州,宁波,0
郑州,青岛,68700.7082
郑州,泉州,39291.1156
郑州,汕头,0
郑州,上海,56777.5356
郑州,深圳,38460.222
郑州,沈阳,86287.7676
郑州,石家庄,90542.9046
郑州,苏州,55957.7564
郑州,台州,0
郑州,太原,79793.5054
郑州,唐山,0
郑州,天津,79085.9658
郑州,潍坊,0
郑州,温州,17263.5944
郑州,乌鲁木齐,44228.1794
郑州,无锡,0
郑州,芜湖,0
郑州,武汉,75443.7808
郑州,西安,79676.5354
郑州,西宁,15367.9912
郑州,厦门,0
郑州,襄阳,59215.2098
郑州,信阳,95443.9898
郑州,徐州,95497.4196
郑州,烟台,0
郑州,盐城,0
郑州,扬州,0
郑州,义乌,0
郑州,银川,124832.4918
郑州,鹰潭,0
郑州,湛江,0
郑州,郑州,0
郑州,中山,27576.5552
郑州,重庆,51387.1772
郑州,漯河,307689.9182
中山,阿克苏,0
中山,安庆,0
中山,蚌埠,0
中山,包头,0
中山,保定,0
中山,宝鸡,0
中山,北京,0
中山,常德,0
中山,常州,0
中山,长春,0
中山,长沙,0
中山,成都,0
中山,大理州,0
中山,大连,0
中山,东莞,18042.1862
中山,福州,0
中山,赣州,0
中山,广州,317627.2584
中山,贵阳,0
中山,哈尔滨,0
中山,海口,19121.8134
中山,杭州,0
中山,合肥,0
中山,衡阳,0
中山,侯马,0
中山,呼和浩特,0
中山,湖州,0
中山,淮安,0
中山,济南,0
中山,济宁,0
中山,嘉兴,0
中山,金华,0
中山,锦州,0
中山,荆州,0
中山,喀什,0
中山,昆明,0
中山,拉萨,0
中山,兰州,0
中山,廊坊,0
中山,连云港,0
中山,临沂,0
中山,柳州,0
中山,洛阳,0
中山,南昌,0
中山,南充,0
中山,南京,0
中山,南宁,0
中山,南通,0
中山,内江,0
中山,宁波,0
中山,青岛,0
中山,泉州,0
中山,汕头,19154.7152
中山,上海,0
中山,深圳,22967.8182
中山,沈阳,0
中山,石家庄,0
中山,苏州,0
中山,台州,0
中山,太原,0
中山,唐山,0
中山,天津,0
中山,潍坊,0
中山,温州,0
中山,乌鲁木齐,0
中山,无锡,0
中山,芜湖,0
中山,武汉,0
中山,西安,0
中山,西宁,0
中山,厦门,0
中山,襄阳,0
中山,信阳,0
中山,徐州,0
中山,烟台,0
中山,盐城,0
中山,扬州,0
中山,义乌,0
中山,银川,0
中山,鹰潭,0
中山,湛江,38434.686
中山,郑州,0
中山,中山,0
中山,重庆,0
中山,漯河,0
重庆,阿克苏,0
重庆,安庆,0
重庆,蚌埠,0
重庆,包头,0
重庆,保定,0
重庆,宝鸡,0
重庆,北京,42864.6284
重庆,常德,0
重庆,常州,0
重庆,长春,17910.3532
重庆,长沙,71557.8628
重庆,成都,44251.2956
重庆,大理州,0
重庆,大连,0
重庆,东莞,0
重庆,福州,0
重庆,赣州,0
重庆,广州,82098.449
重庆,贵阳,90798.1758
重庆,哈尔滨,0
重庆,海口,0
重庆,杭州,41781.7014
重庆,合肥,26294.6924
重庆,衡阳,0
重庆,侯马,0
重庆,呼和浩特,0
重庆,湖州,0
重庆,淮安,0
重庆,济南,49068.5754
重庆,济宁,0
重庆,嘉兴,0
重庆,金华,0
重庆,锦州,0
重庆,荆州,0
重庆,喀什,0
重庆,昆明,0
重庆,拉萨,0
重庆,兰州,29871.0266
重庆,廊坊,0
重庆,连云港,0
重庆,临沂,0
重庆,柳州,0
重庆,洛阳,0
重庆,南昌,23615.172
重庆,南充,226497.3394
重庆,南京,57839.942
重庆,南宁,47424.8122
重庆,南通,0
重庆,内江,40071.609
重庆,宁波,0
重庆,青岛,0
重庆,泉州,14064.093
重庆,汕头,0
重庆,上海,28394.3634
重庆,深圳,18550.9908
重庆,沈阳,23116.3066
重庆,石家庄,21008.0178
重庆,苏州,0
重庆,台州,0
重庆,太原,13827.1928
重庆,唐山,0
重庆,天津,46611.417
重庆,潍坊,0
重庆,温州,0
重庆,乌鲁木齐,0
重庆,无锡,0
重庆,芜湖,0
重庆,武汉,41854.3304
重庆,西安,76393.236
重庆,西宁,0
重庆,厦门,0
重庆,襄阳,0
重庆,信阳,0
重庆,徐州,0
重庆,烟台,0
重庆,盐城,0
重庆,扬州,0
重庆,义乌,0
重庆,银川,0
重庆,鹰潭,0
重庆,湛江,0
重庆,郑州,40219.5792
重庆,中山,0
重庆,重庆,0
重庆,漯河,0
漯河,阿克苏,0
漯河,安庆,0
漯河,蚌埠,0
漯河,包头,0
漯河,保定,0
漯河,宝鸡,0
漯河,北京,0
漯河,常德,0
漯河,常州,0
漯河,长春,0
漯河,长沙,0
漯河,成都,0
漯河,大理州,0
漯河,大连,0
漯河,东莞,0
漯河,福州,0
漯河,赣州,0
漯河,广州,43280.1372
漯河,贵阳,0
漯河,哈尔滨,0
漯河,海口,0
漯河,杭州,0
漯河,合肥,74386.0576
漯河,衡阳,0
漯河,侯马,0
漯河,呼和浩特,0
漯河,湖州,0
漯河,淮安,0
漯河,济南,0
漯河,济宁,0
漯河,嘉兴,0
漯河,金华,0
漯河,锦州,0
漯河,荆州,0
漯河,喀什,0
漯河,昆明,0
漯河,拉萨,0
漯河,兰州,0
漯河,廊坊,0
漯河,连云港,0
漯河,临沂,0
漯河,柳州,0
漯河,洛阳,34786.1318
漯河,南昌,0
漯河,南充,0
漯河,南京,0
漯河,南宁,0
漯河,南通,0
漯河,内江,0
漯河,宁波,0
漯河,青岛,0
漯河,泉州,0
漯河,汕头,0
漯河,上海,0
漯河,深圳,0
漯河,沈阳,0
漯河,石家庄,0
漯河,苏州,0
漯河,台州,0
漯河,太原,0
漯河,唐山,0
漯河,天津,0
漯河,潍坊,0
漯河,温州,0
漯河,乌鲁木齐,0
漯河,无锡,0
漯河,芜湖,0
漯河,武汉,101737.8856
漯河,西安,0
漯河,西宁,0
漯河,厦门,0
漯河,襄阳,0
漯河,信阳,6830.572
漯河,徐州,0
漯河,烟台,0
漯河,盐城,0
漯河,扬州,0
漯河,义乌,0
漯河,银川,0
漯河,鹰潭,0
漯河,湛江,0
漯河,郑州,174468.2078
漯河,中山,0
漯河,重庆,0
漯河,漯河,0
