起点省会,终点省会,路由,邮件量,总的邮件量
北京,北京,[],[],0
北京,天津,['北京-天津'],[82],82
北京,石家庄,['北京-石家庄'],[111],111
北京,太原,['北京-太原'],[206],206
北京,呼和浩特,"['北京-呼和浩特', '北京-天津-呼和浩特']","[18, 4]",22
北京,沈阳,"['北京-沈阳', '北京-石家庄-沈阳', '北京-唐山-沈阳']","[170, 1, 1]",172
北京,长春,"['北京-长春', '北京-沈阳-长春', '北京-唐山-沈阳-长春']","[73, 14, 1]",88
北京,哈尔滨,"['北京-哈尔滨', '北京-沈阳-哈尔滨', '北京-长春-哈尔滨']","[126, 17, 1]",144
北京,上海,['北京-上海'],[124],124
北京,南京,"['北京-南京', '北京-淮安-南京', '北京-苏州-南京']","[52, 4, 5]",61
北京,杭州,['北京-杭州'],[189],189
北京,合肥,['北京-合肥'],[204],204
北京,福州,"['北京-福州', '北京-泉州-福州', '北京-金华-福州']","[81, 19, 1]",101
北京,南昌,['北京-南昌'],[228],228
北京,济南,"['北京-济南', '北京-临沂-济南']","[439, 4]",443
北京,郑州,['北京-郑州'],[271],271
北京,武汉,['北京-武汉'],[237],237
北京,长沙,"['北京-长沙', '北京-邵阳-长沙']","[202, 1]",203
北京,广州,"['北京-广州', '北京-佛山-广州']","[699, 2]",701
北京,南宁,"['北京-南宁', '北京-长沙-南宁']","[123, 1]",124
北京,海口,"['北京-东莞-海口', '北京-广州-海口']","[10, 3]",13
北京,重庆,"['北京-重庆', '北京-成都-重庆']","[82, 1]",83
北京,成都,"['北京-成都', '北京-哈尔滨-成都']","[116, 1]",117
北京,贵阳,['北京-贵阳'],[47],47
北京,昆明,"['北京-昆明', '北京-长沙-昆明']","[40, 3]",43
北京,拉萨,['北京-拉萨'],[1],1
北京,西安,['北京-西安'],[118],118
北京,兰州,"['北京-兰州', '北京-西安-兰州']","[22, 9]",31
北京,西宁,"['北京-西安-西宁', '北京-西安-兰州-西宁']","[5, 3]",8
北京,银川,"['北京-银川', '北京-西安-银川']","[5, 1]",6
北京,乌鲁木齐,['北京-乌鲁木齐'],[7],7
天津,北京,['天津-北京'],[58],58
天津,天津,[],[],0
天津,石家庄,['天津-石家庄'],[162],162
天津,太原,['天津-太原'],[168],168
天津,呼和浩特,['天津-呼和浩特'],[128],128
天津,沈阳,"['天津-沈阳', '天津-长春-沈阳']","[129, 1]",130
天津,长春,"['天津-长春', '天津-沈阳-长春']","[114, 8]",122
天津,哈尔滨,"['天津-哈尔滨', '天津-长春-哈尔滨', '天津-沈阳-哈尔滨']","[209, 1, 2]",212
天津,上海,['天津-上海'],[76],76
天津,南京,"['天津-南京', '天津-淮安-南京']","[5, 13]",18
天津,杭州,['天津-杭州'],[41],41
天津,合肥,"['天津-合肥', '天津-苏州-合肥']","[134, 1]",135
天津,福州,"['天津-福州', '天津-泉州-福州']","[44, 5]",49
天津,南昌,['天津-南昌'],[152],152
天津,济南,['天津-济南'],[173],173
天津,郑州,['天津-郑州'],[186],186
天津,武汉,"['天津-武汉', '天津-沈阳-武汉']","[159, 1]",160
天津,长沙,"['天津-长沙', '天津-邵阳-长沙']","[167, 4]",171
天津,广州,"['天津-广州', '天津-东莞-广州']","[235, 2]",237
天津,南宁,"['天津-南宁', '天津-长沙-南宁']","[136, 6]",142
天津,海口,['天津-海口'],[1],1
天津,重庆,['天津-重庆'],[51],51
天津,成都,['天津-成都'],[60],60
天津,贵阳,"['天津-贵阳', '天津-长沙-贵阳']","[12, 18]",30
天津,昆明,"['天津-昆明', '天津-长沙-昆明']","[19, 23]",42
天津,拉萨,['天津-北京-拉萨'],[1],1
天津,西安,['天津-西安'],[103],103
天津,兰州,['天津-西安-兰州'],[19],19
天津,西宁,['天津-西安-西宁'],[3],3
天津,银川,['天津-西安-银川'],[13],13
天津,乌鲁木齐,[],[],0
石家庄,北京,['石家庄-北京'],[109],109
石家庄,天津,['石家庄-天津'],[102],102
石家庄,石家庄,[],[],0
石家庄,太原,['石家庄-太原'],[295],295
石家庄,呼和浩特,"['石家庄-保定-呼和浩特', '石家庄-呼和浩特', '石家庄-天津-呼和浩特']","[12, 4, 2]",18
石家庄,沈阳,"['石家庄-沈阳', '石家庄-保定-沈阳']","[233, 3]",236
石家庄,长春,"['石家庄-长春', '石家庄-沈阳-长春', '石家庄-保定-长春']","[191, 2, 8]",201
石家庄,哈尔滨,"['石家庄-长春-哈尔滨', '石家庄-沈阳-哈尔滨', '石家庄-哈尔滨', '石家庄-保定-长春-哈尔滨', '石家庄-保定-沈阳-哈尔滨']","[102, 12, 1, 7, 1]",123
石家庄,上海,['石家庄-上海'],[85],85
石家庄,南京,"['石家庄-淮安-南京', '石家庄-苏州-南京']","[43, 5]",48
石家庄,杭州,"['石家庄-杭州', '石家庄-金华-杭州']","[90, 66]",156
石家庄,合肥,"['石家庄-合肥', '石家庄-保定-合肥']","[243, 2]",245
石家庄,福州,"['石家庄-泉州-福州', '石家庄-保定-泉州-福州', '石家庄-厦门-福州']","[54, 3, 2]",59
石家庄,南昌,"['石家庄-南昌', '石家庄-保定-南昌', '石家庄-郑州-南昌']","[230, 14, 1]",245
石家庄,济南,"['石家庄-济南', '石家庄-保定-济南']","[282, 3]",285
石家庄,郑州,"['石家庄-郑州', '石家庄-保定-郑州']","[297, 1]",298
石家庄,武汉,['石家庄-武汉'],[223],223
石家庄,长沙,"['石家庄-长沙', '石家庄-保定-长沙']","[225, 2]",227
石家庄,广州,"['石家庄-广州', '石家庄-东莞-广州', '石家庄-深圳-广州']","[878, 10, 1]",889
石家庄,南宁,"['石家庄-南宁', '石家庄-保定-南宁']","[143, 19]",162
石家庄,海口,"['石家庄-广州-海口', '石家庄-东莞-海口', '石家庄-广州-东莞-海口']","[15, 4, 1]",20
石家庄,重庆,['石家庄-重庆'],[78],78
石家庄,成都,"['石家庄-成都', '石家庄-重庆-成都']","[80, 2]",82
石家庄,贵阳,"['石家庄-长沙-贵阳', '石家庄-保定-贵阳']","[37, 6]",43
石家庄,昆明,"['石家庄-长沙-昆明', '石家庄-昆明']","[11, 14]",25
石家庄,拉萨,[],[],0
石家庄,西安,['石家庄-西安'],[153],153
石家庄,兰州,['石家庄-西安-兰州'],[12],12
石家庄,西宁,['石家庄-西安-西宁'],[1],1
石家庄,银川,['石家庄-西安-银川'],[18],18
石家庄,乌鲁木齐,['石家庄-西安-乌鲁木齐'],[2],2
太原,北京,['太原-北京'],[21],21
太原,天津,['太原-天津'],[55],55
太原,石家庄,['太原-石家庄'],[153],153
太原,太原,[],[],0
太原,呼和浩特,['太原-呼和浩特'],[3],3
太原,沈阳,['太原-沈阳'],[38],38
太原,长春,['太原-长春'],[54],54
太原,哈尔滨,"['太原-长春-哈尔滨', '太原-天津-哈尔滨', '太原-沈阳-哈尔滨']","[25, 1, 2]",28
太原,上海,['太原-上海'],[15],15
太原,南京,['太原-淮安-南京'],[11],11
太原,杭州,['太原-杭州'],[60],60
太原,合肥,['太原-合肥'],[40],40
太原,福州,['太原-泉州-福州'],[15],15
太原,南昌,['太原-南昌'],[23],23
太原,济南,['太原-济南'],[150],150
太原,郑州,['太原-郑州'],[72],72
太原,武汉,['太原-武汉'],[42],42
太原,长沙,['太原-长沙'],[16],16
太原,广州,['太原-广州'],[158],158
太原,南宁,['太原-南宁'],[29],29
太原,海口,['太原-广州-海口'],[2],2
太原,重庆,['太原-重庆'],[28],28
太原,成都,"['太原-成都', '太原-重庆-成都']","[15, 2]",17
太原,贵阳,['太原-贵阳'],[18],18
太原,昆明,['太原-昆明'],[6],6
太原,拉萨,[],[],0
太原,西安,"['太原-西安', '太原-临汾-西安']","[37, 1]",38
太原,兰州,"['太原-西安-兰州', '太原-兰州']","[5, 1]",6
太原,西宁,[],[],0
太原,银川,['太原-西安-银川'],[1],1
太原,乌鲁木齐,[],[],0
呼和浩特,北京,['呼和浩特-北京'],[1],1
呼和浩特,天津,['呼和浩特-天津'],[9],9
呼和浩特,石家庄,['呼和浩特-保定-石家庄'],[1],1
呼和浩特,太原,['呼和浩特-太原'],[6],6
呼和浩特,呼和浩特,[],[],0
呼和浩特,沈阳,"['呼和浩特-天津-沈阳', '呼和浩特-沈阳']","[1, 2]",3
呼和浩特,长春,[],[],0
呼和浩特,哈尔滨,"['呼和浩特-哈尔滨', '呼和浩特-沈阳-哈尔滨']","[3, 1]",4
呼和浩特,上海,[],[],0
呼和浩特,南京,[],[],0
呼和浩特,杭州,[],[],0
呼和浩特,合肥,"['呼和浩特-苏州-合肥', '呼和浩特-天津-合肥']","[2, 1]",3
呼和浩特,福州,[],[],0
呼和浩特,南昌,[],[],0
呼和浩特,济南,['呼和浩特-太原-济南'],[4],4
呼和浩特,郑州,['呼和浩特-郑州'],[6],6
呼和浩特,武汉,[],[],0
呼和浩特,长沙,['呼和浩特-长沙'],[1],1
呼和浩特,广州,['呼和浩特-广州'],[4],4
呼和浩特,南宁,[],[],0
呼和浩特,海口,[],[],0
呼和浩特,重庆,[],[],0
呼和浩特,成都,['呼和浩特-保定-成都'],[1],1
呼和浩特,贵阳,['呼和浩特-长沙-贵阳'],[1],1
呼和浩特,昆明,[],[],0
呼和浩特,拉萨,[],[],0
呼和浩特,西安,['呼和浩特-太原-西安'],[1],1
呼和浩特,兰州,['呼和浩特-太原-西安-兰州'],[1],1
呼和浩特,西宁,[],[],0
呼和浩特,银川,[],[],0
呼和浩特,乌鲁木齐,[],[],0
沈阳,北京,['沈阳-北京'],[34],34
沈阳,天津,"['沈阳-天津', '沈阳-大连-天津']","[41, 1]",42
沈阳,石家庄,['沈阳-石家庄'],[67],67
沈阳,太原,['沈阳-太原'],[107],107
沈阳,呼和浩特,"['沈阳-呼和浩特', '沈阳-天津-呼和浩特']","[1, 1]",2
沈阳,沈阳,[],[],0
沈阳,长春,"['沈阳-哈尔滨-长春', '沈阳-长春', '沈阳-四平-长春', '沈阳-锦州-长春', '沈阳-大连-长春']","[1, 1628, 1, 1, 1]",1632
沈阳,哈尔滨,"['沈阳-哈尔滨', '沈阳-长春-哈尔滨', '沈阳-天津-哈尔滨']","[1947, 1, 1]",1949
沈阳,上海,['沈阳-上海'],[20],20
沈阳,南京,['沈阳-苏州-南京'],[3],3
沈阳,杭州,['沈阳-杭州'],[45],45
沈阳,合肥,['沈阳-合肥'],[13],13
沈阳,福州,['沈阳-泉州-福州'],[10],10
沈阳,南昌,['沈阳-南昌'],[47],47
沈阳,济南,['沈阳-济南'],[90],90
沈阳,郑州,"['沈阳-郑州', '沈阳-锦州-郑州']","[37, 1]",38
沈阳,武汉,['沈阳-武汉'],[66],66
沈阳,长沙,['沈阳-长沙'],[18],18
沈阳,广州,['沈阳-广州'],[41],41
沈阳,南宁,['沈阳-南宁'],[10],10
沈阳,海口,['沈阳-东莞-海口'],[3],3
沈阳,重庆,['沈阳-重庆'],[15],15
沈阳,成都,['沈阳-成都'],[23],23
沈阳,贵阳,['沈阳-贵阳'],[4],4
沈阳,昆明,['沈阳-昆明'],[26],26
沈阳,拉萨,[],[],0
沈阳,西安,['沈阳-西安'],[12],12
沈阳,兰州,['沈阳-西安-兰州'],[3],3
沈阳,西宁,[],[],0
沈阳,银川,['沈阳-西安-银川'],[1],1
沈阳,乌鲁木齐,[],[],0
长春,北京,"['长春-天津-北京', '长春-北京']","[1, 6]",7
长春,天津,['长春-天津'],[10],10
长春,石家庄,['长春-天津-石家庄'],[3],3
长春,太原,['长春-太原'],[13],13
长春,呼和浩特,['长春-天津-呼和浩特'],[1],1
长春,沈阳,"['长春-沈阳', '长春-天津-沈阳']","[16, 1]",17
长春,长春,[],[],0
长春,哈尔滨,"['长春-哈尔滨', '长春-齐齐哈尔-哈尔滨']","[886, 1]",887
长春,上海,['长春-上海'],[9],9
长春,南京,[],[],0
长春,杭州,['长春-杭州'],[4],4
长春,合肥,['长春-合肥'],[2],2
长春,福州,['长春-泉州-福州'],[3],3
长春,南昌,['长春-南昌'],[9],9
长春,济南,['长春-济南'],[10],10
长春,郑州,['长春-郑州'],[6],6
长春,武汉,"['长春-沈阳-武汉', '长春-天津-沈阳-武汉']","[4, 1]",5
长春,长沙,['长春-长沙'],[21],21
长春,广州,['长春-广州'],[23],23
长春,南宁,['长春-长沙-南宁'],[2],2
长春,海口,['长春-广州-海口'],[1],1
长春,重庆,['长春-沈阳-重庆'],[1],1
长春,成都,['长春-成都'],[5],5
长春,贵阳,['长春-长沙-贵阳'],[6],6
长春,昆明,['长春-长沙-昆明'],[4],4
长春,拉萨,[],[],0
长春,西安,['长春-太原-西安'],[3],3
长春,兰州,[],[],0
长春,西宁,[],[],0
长春,银川,[],[],0
长春,乌鲁木齐,[],[],0
哈尔滨,北京,"['哈尔滨-北京', '哈尔滨-天津-北京']","[27, 1]",28
哈尔滨,天津,"['哈尔滨-天津', '哈尔滨-沈阳-大连-天津']","[29, 1]",30
哈尔滨,石家庄,['哈尔滨-天津-石家庄'],[3],3
哈尔滨,太原,['哈尔滨-长春-太原'],[7],7
哈尔滨,呼和浩特,['哈尔滨-天津-呼和浩特'],[1],1
哈尔滨,沈阳,['哈尔滨-沈阳'],[36],36
哈尔滨,长春,['哈尔滨-长春'],[68],68
哈尔滨,哈尔滨,[],[],0
哈尔滨,上海,['哈尔滨-苏州-上海'],[6],6
哈尔滨,南京,['哈尔滨-苏州-南京'],[2],2
哈尔滨,杭州,['哈尔滨-杭州'],[40],40
哈尔滨,合肥,['哈尔滨-苏州-合肥'],[3],3
哈尔滨,福州,['哈尔滨-长春-泉州-福州'],[2],2
哈尔滨,南昌,['哈尔滨-长春-南昌'],[4],4
哈尔滨,济南,['哈尔滨-济南'],[20],20
哈尔滨,郑州,['哈尔滨-郑州'],[10],10
哈尔滨,武汉,['哈尔滨-沈阳-武汉'],[5],5
哈尔滨,长沙,['哈尔滨-长春-长沙'],[13],13
哈尔滨,广州,"['哈尔滨-广州', '哈尔滨-长春-广州']","[72, 2]",74
哈尔滨,南宁,['哈尔滨-广州-南宁'],[2],2
哈尔滨,海口,['哈尔滨-长春-广州-海口'],[1],1
哈尔滨,重庆,[],[],0
哈尔滨,成都,"['哈尔滨-长春-成都', '哈尔滨-沈阳-成都', '哈尔滨-成都']","[2, 2, 1]",5
哈尔滨,贵阳,['哈尔滨-长春-长沙-贵阳'],[5],5
哈尔滨,昆明,"['哈尔滨-沈阳-昆明', '哈尔滨-长春-长沙-昆明']","[5, 2]",7
哈尔滨,拉萨,[],[],0
哈尔滨,西安,"['哈尔滨-北京-西安', '哈尔滨-济南-西安']","[2, 1]",3
哈尔滨,兰州,"['哈尔滨-北京-兰州', '哈尔滨-济南-兰州']","[1, 1]",2
哈尔滨,西宁,['哈尔滨-济南-兰州-西宁'],[1],1
哈尔滨,银川,[],[],0
哈尔滨,乌鲁木齐,[],[],0
上海,北京,"['上海-北京', '上海-天津-北京', '上海-保定-邯郸-北京']","[346, 6, 1]",353
上海,天津,"['上海-天津', '上海-北京-天津']","[408, 1]",409
上海,石家庄,"['上海-石家庄', '上海-保定-石家庄', '上海-太原-石家庄', '上海-天津-石家庄']","[214, 185, 1, 2]",402
上海,太原,"['上海-太原', '上海-嘉兴-太原', '上海-郑州-临汾-太原', '上海-临沂-太原']","[969, 3, 1, 1]",974
上海,呼和浩特,"['上海-淮安-呼和浩特', '上海-天津-呼和浩特', '上海-苏州-呼和浩特', '上海-呼和浩特', '上海-临沂-济南-呼和浩特']","[16, 4, 6, 7, 2]",35
上海,沈阳,"['上海-沈阳', '上海-长春-沈阳', '上海-北京-沈阳', '上海-天津-沈阳', '上海-南昌-沈阳', '上海-天津-长春-沈阳']","[855, 2, 1, 3, 1, 1]",863
上海,长春,"['上海-长春', '上海-沈阳-长春', '上海-天津-长春']","[248, 49, 1]",298
上海,哈尔滨,"['上海-哈尔滨', '上海-沈阳-哈尔滨', '上海-长春-哈尔滨', '上海-北京-沈阳-哈尔滨', '上海-长沙-哈尔滨']","[290, 75, 7, 1, 1]",374
上海,上海,[],[],0
上海,南京,"['上海-南京', '上海-苏州-南京']","[206, 13]",219
上海,杭州,"['上海-杭州', '上海-嘉兴-杭州']","[428, 3]",431
上海,合肥,"['上海-蚌埠-合肥', '上海-合肥']","[2, 433]",435
上海,福州,"['上海-福州', '上海-泉州-福州', '上海-厦门-福州']","[258, 71, 2]",331
上海,南昌,['上海-南昌'],[765],765
上海,济南,"['上海-济南', '上海-临沂-济南']","[681, 232]",913
上海,郑州,"['上海-郑州', '上海-漯河-郑州']","[1041, 59]",1100
上海,武汉,"['上海-武汉', '上海-保定-武汉']","[833, 1]",834
上海,长沙,"['上海-长沙', '上海-广州-长沙', '上海-永州-长沙']","[714, 1, 1]",716
上海,广州,"['上海-广州', '上海-东莞-广州', '上海-佛山-广州']","[2406, 3, 1]",2410
上海,南宁,['上海-南宁'],[318],318
上海,海口,"['上海-海口', '上海-广州-海口', '上海-东莞-海口']","[51, 17, 12]",80
上海,重庆,"['上海-重庆', '上海-成都-重庆']","[250, 12]",262
上海,成都,"['上海-成都', '上海-长沙-成都', '上海-重庆-成都', '上海-广州-汕头-成都']","[373, 1, 1, 3]",378
上海,贵阳,"['上海-贵阳', '上海-嘉兴-贵阳']","[114, 1]",115
上海,昆明,"['上海-昆明', '上海-西安-昆明']","[171, 1]",172
上海,拉萨,['上海-杭州-拉萨'],[6],6
上海,西安,"['上海-西安', '上海-郑州-西安', '上海-淮安-西安', '上海-咸阳-西安', '上海-渭南-西安']","[323, 1, 1, 1, 1]",327
上海,兰州,"['上海-西安-兰州', '上海-兰州', '上海-锦州-兰州', '上海-酒泉-兰州']","[10, 70, 1, 1]",82
上海,西宁,"['上海-西宁', '上海-兰州-西宁']","[43, 4]",47
上海,银川,"['上海-银川', '上海-西安-银川', '上海-淮安-西安-银川']","[82, 4, 1]",87
上海,乌鲁木齐,"['上海-乌鲁木齐', '上海-西安-乌鲁木齐']","[12, 5]",17
南京,北京,['南京-北京'],[34],34
南京,天津,"['南京-淮安-天津', '南京-苏州-天津']","[7, 19]",26
南京,石家庄,"['南京-淮安-石家庄', '南京-苏州-石家庄']","[31, 4]",35
南京,太原,"['南京-太原', '南京-淮安-太原', '南京-郑州-太原']","[150, 12, 1]",163
南京,呼和浩特,"['南京-苏州-呼和浩特', '南京-淮安-呼和浩特']","[2, 4]",6
南京,沈阳,"['南京-淮安-沈阳', '南京-苏州-沈阳', '南京-淮安-西安-沈阳']","[96, 16, 1]",113
南京,长春,['南京-淮安-长春'],[34],34
南京,哈尔滨,"['南京-淮安-哈尔滨', '南京-苏州-哈尔滨']","[26, 7]",33
南京,上海,['南京-上海'],[37],37
南京,南京,[],[],0
南京,杭州,['南京-杭州'],[52],52
南京,合肥,"['南京-合肥', '南京-芜湖-合肥', '南京-蚌埠-合肥', '南京-苏州-合肥']","[128, 4, 3, 1]",136
南京,福州,['南京-泉州-福州'],[40],40
南京,南昌,['南京-南昌'],[211],211
南京,济南,"['南京-临沂-济南', '南京-淮安-临沂-济南', '南京-济南']","[24, 2, 15]",41
南京,郑州,['南京-郑州'],[308],308
南京,武汉,"['南京-武汉', '南京-荆州-武汉']","[278, 2]",280
南京,长沙,['南京-长沙'],[545],545
南京,广州,"['南京-广州', '南京-东莞-广州']","[329, 1]",330
南京,南宁,"['南京-南宁', '南京-桂林-南宁']","[177, 30]",207
南京,海口,['南京-上海-海口'],[4],4
南京,重庆,['南京-重庆'],[134],134
南京,成都,"['南京-成都', '南京-重庆-成都']","[130, 3]",133
南京,贵阳,['南京-贵阳'],[192],192
南京,昆明,['南京-昆明'],[111],111
南京,拉萨,[],[],0
南京,西安,"['南京-西安', '南京-淮安-西安', '南京-苏州-西安', '南京-淮安-保定-西安']","[112, 1, 1, 1]",115
南京,兰州,['南京-兰州'],[80],80
南京,西宁,['南京-西安-西宁'],[3],3
南京,银川,['南京-西安-银川'],[10],10
南京,乌鲁木齐,"['南京-西安-乌鲁木齐', '南京-乌鲁木齐', '南京-昌吉回族自治州-乌鲁木齐']","[8, 67, 1]",76
杭州,北京,"['杭州-北京', '杭州-石家庄-北京']","[732, 3]",735
杭州,天津,['杭州-天津'],[849],849
杭州,石家庄,"['杭州-保定-石家庄', '杭州-嘉兴-保定-石家庄', '杭州-石家庄']","[389, 2, 8]",399
杭州,太原,"['杭州-太原', '杭州-嘉兴-太原', '杭州-上海-嘉兴-太原']","[1511, 242, 3]",1756
杭州,呼和浩特,"['杭州-呼和浩特', '杭州-嘉兴-呼和浩特']","[104, 23]",127
杭州,沈阳,"['杭州-沈阳', '杭州-嘉兴-沈阳', '杭州-宁波-沈阳', '杭州-青岛-沈阳', '杭州-西安-沈阳', '杭州-厦门-泉州-沈阳']","[622, 19, 1, 1, 1, 1]",645
杭州,长春,"['杭州-长春', '杭州-沈阳-长春', '杭州-嘉兴-沈阳-长春']","[242, 44, 2]",288
杭州,哈尔滨,"['杭州-哈尔滨', '杭州-上海-哈尔滨', '杭州-沈阳-哈尔滨', '杭州-长春-哈尔滨', '杭州-宁波-沈阳-哈尔滨', '杭州-长沙-哈尔滨', '杭州-西安-沈阳-哈尔滨']","[385, 7, 40, 7, 1, 1, 1]",442
杭州,上海,"['杭州-上海', '杭州-嘉兴-昆明-上海']","[402, 1]",403
杭州,南京,"['杭州-苏州-南京', '杭州-南京']","[19, 222]",241
杭州,杭州,[],[],0
杭州,合肥,"['杭州-合肥', '杭州-牡丹江-合肥', '杭州-蚌埠-合肥']","[549, 1, 1]",551
杭州,福州,"['杭州-福州', '杭州-泉州-福州', '杭州-温州-泉州-福州', '杭州-温州-福州']","[391, 33, 1, 1]",426
杭州,南昌,"['杭州-南昌', '杭州-上海-南昌', '杭州-金华-南昌']","[766, 2, 30]",798
杭州,济南,"['杭州-济南', '杭州-临沂-济南', '杭州-济宁-济南']","[698, 164, 1]",863
杭州,郑州,"['杭州-郑州', '杭州-嘉兴-郑州', '杭州-焦作-郑州']","[928, 19, 1]",948
杭州,武汉,['杭州-武汉'],[632],632
杭州,长沙,"['杭州-长沙', '杭州-嘉兴-长沙']","[999, 1]",1000
杭州,广州,"['杭州-广州', '杭州-东莞-广州', '杭州-佛山-广州', '杭州-金华-广州']","[875, 9, 1, 2]",887
杭州,南宁,"['杭州-南宁', '杭州-金华-南宁', '杭州-金华-桂林-南宁']","[361, 23, 6]",390
杭州,海口,"['杭州-海口', '杭州-金华-东莞-海口', '杭州-东莞-海口', '杭州-金华-海口', '杭州-广州-海口']","[70, 3, 2, 7, 8]",90
杭州,重庆,"['杭州-重庆', '杭州-自贡-重庆', '杭州-成都-重庆']","[415, 1, 1]",417
杭州,成都,"['杭州-成都', '杭州-嘉兴-成都', '杭州-金华-成都']","[344, 6, 1]",351
杭州,贵阳,"['杭州-金华-贵阳', '杭州-贵阳', '杭州-嘉兴-贵阳', '杭州-嘉兴-郑州-贵阳', '杭州-嘉兴-金华-贵阳']","[17, 145, 11, 1, 3]",177
杭州,昆明,"['杭州-昆明', '杭州-嘉兴-昆明', '杭州-金华-昆明', '杭州-嘉兴-金华-昆明']","[84, 66, 3, 1]",154
杭州,拉萨,['杭州-拉萨'],[16],16
杭州,西安,"['杭州-西安', '杭州-嘉兴-西安', '杭州-南京-西安', '杭州-南昌-西安']","[751, 1, 3, 1]",756
杭州,兰州,"['杭州-兰州', '杭州-金华-兰州']","[140, 1]",141
杭州,西宁,['杭州-上海-西宁'],[11],11
杭州,银川,"['杭州-上海-银川', '杭州-银川', '杭州-西安-银川']","[16, 139, 3]",158
杭州,乌鲁木齐,"['杭州-南京-西安-乌鲁木齐', '杭州-南京-乌鲁木齐', '杭州-乌鲁木齐', '杭州-西安-乌鲁木齐']","[3, 20, 2, 11]",36
合肥,北京,['合肥-北京'],[82],82
合肥,天津,['合肥-天津'],[161],161
合肥,石家庄,"['合肥-保定-石家庄', '合肥-天津-石家庄']","[108, 1]",109
合肥,太原,"['合肥-太原', '合肥-漯河-太原']","[204, 4]",208
合肥,呼和浩特,"['合肥-苏州-呼和浩特', '合肥-淮安-呼和浩特']","[2, 1]",3
合肥,沈阳,"['合肥-沈阳', '合肥-南昌-赣州-沈阳']","[156, 1]",157
合肥,长春,"['合肥-长春', '合肥-天津-长春', '合肥-沈阳-长春']","[171, 12, 7]",190
合肥,哈尔滨,"['合肥-长春-哈尔滨', '合肥-天津-哈尔滨', '合肥-沈阳-哈尔滨']","[96, 11, 3]",110
合肥,上海,['合肥-上海'],[39],39
合肥,南京,['合肥-南京'],[25],25
合肥,杭州,['合肥-杭州'],[38],38
合肥,合肥,[],[],0
合肥,福州,['合肥-福州'],[64],64
合肥,南昌,['合肥-南昌'],[143],143
合肥,济南,"['合肥-济南', '合肥-临沂-济南']","[284, 1]",285
合肥,郑州,['合肥-郑州'],[207],207
合肥,武汉,['合肥-武汉'],[218],218
合肥,长沙,['合肥-长沙'],[152],152
合肥,广州,"['合肥-广州', '合肥-东莞-广州', '合肥-深圳-广州']","[160, 3, 1]",164
合肥,南宁,"['合肥-南宁', '合肥-南昌-南宁']","[111, 12]",123
合肥,海口,"['合肥-海口', '合肥-东莞-海口']","[3, 4]",7
合肥,重庆,"['合肥-重庆', '合肥-青岛-潍坊-重庆']","[72, 1]",73
合肥,成都,"['合肥-成都', '合肥-武汉-成都', '合肥-重庆-成都']","[64, 5, 1]",70
合肥,贵阳,['合肥-贵阳'],[40],40
合肥,昆明,"['合肥-昆明', '合肥-贵阳-昆明']","[27, 1]",28
合肥,拉萨,[],[],0
合肥,西安,['合肥-西安'],[110],110
合肥,兰州,['合肥-西安-兰州'],[8],8
合肥,西宁,['合肥-西安-西宁'],[1],1
合肥,银川,['合肥-西安-银川'],[8],8
合肥,乌鲁木齐,['合肥-乌鲁木齐'],[1],1
福州,北京,"['福州-泉州-北京', '福州-北京', '福州-泉州-济南-北京']","[92, 12, 1]",105
福州,天津,"['福州-天津', '福州-泉州-天津', '福州-泉州-保定-天津']","[197, 64, 1]",262
福州,石家庄,"['福州-天津-石家庄', '福州-泉州-石家庄', '福州-石家庄', '福州-泉州-保定-石家庄']","[50, 58, 1, 2]",111
福州,太原,['福州-泉州-太原'],[230],230
福州,呼和浩特,['福州-泉州-天津-呼和浩特'],[11],11
福州,沈阳,"['福州-沈阳', '福州-泉州-沈阳']","[497, 20]",517
福州,长春,"['福州-沈阳-长春', '福州-泉州-长春', '福州-泉州-沈阳-长春']","[94, 11, 6]",111
福州,哈尔滨,"['福州-沈阳-哈尔滨', '福州-泉州-长春-哈尔滨', '福州-泉州-沈阳-哈尔滨']","[167, 4, 2]",173
福州,上海,['福州-上海'],[102],102
福州,南京,['福州-苏州-南京'],[46],46
福州,杭州,"['福州-杭州', '福州-金华-杭州']","[356, 13]",369
福州,合肥,"['福州-合肥', '福州-泉州-合肥']","[306, 14]",320
福州,福州,[],[],0
福州,南昌,"['福州-南昌', '福州-泉州-南昌']","[229, 10]",239
福州,济南,"['福州-临沂-济南', '福州-泉州-济南', '福州-泉州-临沂-济南']","[156, 13, 1]",170
福州,郑州,['福州-漯河-郑州'],[265],265
福州,武汉,"['福州-武汉', '福州-泉州-武汉', '福州-苏州-武汉']","[416, 4, 1]",421
福州,长沙,"['福州-长沙', '福州-泉州-长沙']","[269, 12]",281
福州,广州,"['福州-广州', '福州-东莞-广州']","[422, 21]",443
福州,南宁,['福州-泉州-南宁'],[102],102
福州,海口,['福州-泉州-海口'],[23],23
福州,重庆,"['福州-泉州-重庆', '福州-泉州-秦皇岛-重庆']","[68, 3]",71
福州,成都,"['福州-成都', '福州-泉州-成都']","[106, 4]",110
福州,贵阳,['福州-泉州-贵阳'],[40],40
福州,昆明,['福州-泉州-昆明'],[37],37
福州,拉萨,[],[],0
福州,西安,"['福州-泉州-西安', '福州-西安']","[103, 1]",104
福州,兰州,['福州-泉州-兰州'],[27],27
福州,西宁,['福州-泉州-西安-西宁'],[1],1
福州,银川,['福州-泉州-西安-银川'],[12],12
福州,乌鲁木齐,['福州-泉州-乌鲁木齐'],[3],3
南昌,北京,['南昌-北京'],[46],46
南昌,天津,"['南昌-天津', '南昌-石家庄-天津']","[126, 1]",127
南昌,石家庄,['南昌-石家庄'],[212],212
南昌,太原,['南昌-太原'],[106],106
南昌,呼和浩特,['南昌-郑州-呼和浩特'],[9],9
南昌,沈阳,"['南昌-赣州-沈阳', '南昌-沈阳', '南昌-天津-沈阳']","[1, 65, 11]",77
南昌,长春,"['南昌-长春', '南昌-天津-长春', '南昌-天津-沈阳-长春']","[70, 15, 6]",91
南昌,哈尔滨,"['南昌-天津-哈尔滨', '南昌-长春-哈尔滨']","[26, 30]",56
南昌,上海,['南昌-上海'],[53],53
南昌,南京,"['南昌-南京', '南昌-长沙-南京']","[25, 1]",26
南昌,杭州,"['南昌-杭州', '南昌-武汉-杭州', '南昌-金华-杭州']","[62, 1, 4]",67
南昌,合肥,['南昌-合肥'],[97],97
南昌,福州,"['南昌-福州', '南昌-泉州-福州']","[23, 19]",42
南昌,南昌,[],[],0
南昌,济南,['南昌-济南'],[129],129
南昌,郑州,['南昌-郑州'],[92],92
南昌,武汉,['南昌-武汉'],[159],159
南昌,长沙,['南昌-长沙'],[101],101
南昌,广州,['南昌-广州'],[106],106
南昌,南宁,['南昌-南宁'],[103],103
南昌,海口,"['南昌-海口', '南昌-东莞-海口', '南昌-广州-东莞-海口']","[1, 6, 1]",8
南昌,重庆,"['南昌-重庆', '南昌-成都-重庆']","[73, 1]",74
南昌,成都,"['南昌-成都', '南昌-东莞-汕头-成都']","[104, 1]",105
南昌,贵阳,['南昌-贵阳'],[37],37
南昌,昆明,"['南昌-昆明', '南昌-丽江-昆明']","[37, 1]",38
南昌,拉萨,[],[],0
南昌,西安,"['南昌-西安', '南昌-上饶-西安']","[70, 1]",71
南昌,兰州,['南昌-西安-兰州'],[9],9
南昌,西宁,['南昌-西安-西宁'],[2],2
南昌,银川,['南昌-西安-银川'],[7],7
南昌,乌鲁木齐,"['南昌-乌鲁木齐', '南昌-西安-乌鲁木齐']","[1, 1]",2
济南,北京,['济南-北京'],[78],78
济南,天津,['济南-天津'],[52],52
济南,石家庄,"['济南-石家庄', '济南-保定-石家庄']","[108, 2]",110
济南,太原,['济南-太原'],[256],256
济南,呼和浩特,['济南-呼和浩特'],[18],18
济南,沈阳,['济南-沈阳'],[154],154
济南,长春,['济南-长春'],[94],94
济南,哈尔滨,"['济南-哈尔滨', '济南-呼和浩特-哈尔滨', '济南-长春-哈尔滨']","[102, 3, 4]",109
济南,上海,['济南-上海'],[38],38
济南,南京,"['济南-南京', '济南-苏州-南京', '济南-淮安-南京']","[22, 2, 1]",25
济南,杭州,"['济南-杭州', '济南-金华-杭州']","[48, 2]",50
济南,合肥,['济南-合肥'],[114],114
济南,福州,"['济南-泉州-福州', '济南-泉州-厦门-福州']","[29, 1]",30
济南,南昌,"['济南-南昌', '济南-郑州-南昌']","[156, 1]",157
济南,济南,[],[],0
济南,郑州,['济南-郑州'],[160],160
济南,武汉,['济南-武汉'],[217],217
济南,长沙,['济南-长沙'],[141],141
济南,广州,['济南-广州'],[218],218
济南,南宁,"['济南-南宁', '济南-西安-南宁']","[155, 1]",156
济南,海口,['济南-海口'],[9],9
济南,重庆,['济南-重庆'],[66],66
济南,成都,"['济南-成都', '济南-西安-成都', '济南-漯河-成都']","[69, 1, 1]",71
济南,贵阳,['济南-贵阳'],[27],27
济南,昆明,['济南-昆明'],[57],57
济南,拉萨,[],[],0
济南,西安,['济南-西安'],[92],92
济南,兰州,['济南-兰州'],[12],12
济南,西宁,['济南-兰州-西宁'],[2],2
济南,银川,['济南-西安-银川'],[11],11
济南,乌鲁木齐,['济南-乌鲁木齐'],[7],7
郑州,北京,['郑州-北京'],[41],41
郑州,天津,['郑州-天津'],[71],71
郑州,石家庄,"['郑州-石家庄', '郑州-保定-石家庄']","[49, 3]",52
郑州,太原,"['郑州-太原', '郑州-临汾-太原', '郑州-济南-太原']","[85, 3, 3]",91
郑州,呼和浩特,['郑州-呼和浩特'],[28],28
郑州,沈阳,['郑州-沈阳'],[177],177
郑州,长春,"['郑州-长春', '郑州-沈阳-长春']","[35, 7]",42
郑州,哈尔滨,"['郑州-哈尔滨', '郑州-沈阳-哈尔滨']","[42, 12]",54
郑州,上海,['郑州-上海'],[42],42
郑州,南京,"['郑州-南京', '郑州-苏州-南京']","[41, 5]",46
郑州,杭州,"['郑州-嘉兴-杭州', '郑州-杭州', '郑州-金华-杭州']","[19, 30, 2]",51
郑州,合肥,['郑州-合肥'],[94],94
郑州,福州,"['郑州-福州', '郑州-泉州-福州', '郑州-厦门-福州']","[12, 10, 5]",27
郑州,南昌,['郑州-南昌'],[84],84
郑州,济南,['郑州-济南'],[96],96
郑州,郑州,[],[],0
郑州,武汉,"['郑州-武汉', '郑州-济南-武汉']","[65, 2]",67
郑州,长沙,['郑州-长沙'],[105],105
郑州,广州,"['郑州-广州', '郑州-佛山-广州']","[154, 1]",155
郑州,南宁,"['郑州-南宁', '郑州-长沙-南宁']","[48, 1]",49
郑州,海口,"['郑州-海口', '郑州-东莞-海口', '郑州-广州-海口']","[8, 3, 2]",13
郑州,重庆,['郑州-重庆'],[61],61
郑州,成都,['郑州-成都'],[72],72
郑州,贵阳,['郑州-贵阳'],[27],27
郑州,昆明,"['郑州-昆明', '郑州-长沙-昆明']","[18, 1]",19
郑州,拉萨,[],[],0
郑州,西安,['郑州-西安'],[68],68
郑州,兰州,['郑州-兰州'],[24],24
郑州,西宁,[],[],0
郑州,银川,"['郑州-银川', '郑州-西安-银川']","[14, 1]",15
郑州,乌鲁木齐,['郑州-乌鲁木齐'],[6],6
武汉,北京,['武汉-北京'],[72],72
武汉,天津,"['武汉-天津', '武汉-石家庄-天津']","[117, 1]",118
武汉,石家庄,['武汉-石家庄'],[77],77
武汉,太原,['武汉-太原'],[161],161
武汉,呼和浩特,['武汉-天津-呼和浩特'],[12],12
武汉,沈阳,"['武汉-沈阳', '武汉-天津-沈阳']","[385, 7]",392
武汉,长春,"['武汉-沈阳-长春', '武汉-沈阳-大连-长春']","[151, 1]",152
武汉,哈尔滨,"['武汉-沈阳-哈尔滨', '武汉-天津-哈尔滨']","[84, 3]",87
武汉,上海,"['武汉-上海', '武汉-合肥-上海']","[83, 1]",84
武汉,南京,"['武汉-南京', '武汉-苏州-南京']","[120, 1]",121
武汉,杭州,"['武汉-杭州', '武汉-嘉兴-杭州']","[69, 4]",73
武汉,合肥,['武汉-合肥'],[157],157
武汉,福州,"['武汉-福州', '武汉-泉州-福州']","[68, 10]",78
武汉,南昌,"['武汉-南昌', '武汉-长沙-常德-南昌']","[161, 1]",162
武汉,济南,"['武汉-济南', '武汉-临沂-济南']","[172, 16]",188
武汉,郑州,"['武汉-郑州', '武汉-漯河-郑州']","[137, 1]",138
武汉,武汉,[],[],0
武汉,长沙,['武汉-长沙'],[155],155
武汉,广州,"['武汉-广州', '武汉-中山-广州', '武汉-东莞-广州', '武汉-深圳-广州']","[139, 14, 7, 1]",161
武汉,南宁,"['武汉-南宁', '武汉-桂林-南宁', '武汉-济南-南宁']","[67, 1, 1]",69
武汉,海口,['武汉-海口'],[7],7
武汉,重庆,['武汉-重庆'],[66],66
武汉,成都,['武汉-成都'],[51],51
武汉,贵阳,['武汉-贵阳'],[46],46
武汉,昆明,['武汉-昆明'],[25],25
武汉,拉萨,[],[],0
武汉,西安,['武汉-西安'],[94],94
武汉,兰州,"['武汉-兰州', '武汉-西安-兰州']","[12, 2]",14
武汉,西宁,['武汉-西安-西宁'],[1],1
武汉,银川,['武汉-西安-银川'],[18],18
武汉,乌鲁木齐,['武汉-乌鲁木齐'],[1],1
长沙,北京,"['长沙-北京', '长沙-石家庄-北京']","[118, 3]",121
长沙,天津,['长沙-天津'],[174],174
长沙,石家庄,['长沙-石家庄'],[429],429
长沙,太原,['长沙-太原'],[269],269
长沙,呼和浩特,"['长沙-呼和浩特', '长沙-天津-呼和浩特']","[10, 4]",14
长沙,沈阳,['长沙-沈阳'],[225],225
长沙,长春,"['长沙-长春', '长沙-沈阳-长春']","[227, 30]",257
长沙,哈尔滨,"['长沙-哈尔滨', '长沙-长春-哈尔滨', '长沙-沈阳-哈尔滨']","[51, 98, 1]",150
长沙,上海,['长沙-上海'],[171],171
长沙,南京,"['长沙-南京', '长沙-绵阳-南京']","[199, 1]",200
长沙,杭州,"['长沙-杭州', '长沙-金华-杭州']","[147, 5]",152
长沙,合肥,['长沙-合肥'],[373],373
长沙,福州,"['长沙-福州', '长沙-泉州-福州']","[128, 1]",129
长沙,南昌,"['长沙-南昌', '长沙-常德-南昌', '长沙-武汉-南昌']","[365, 1, 1]",367
长沙,济南,['长沙-济南'],[531],531
长沙,郑州,"['长沙-郑州', '长沙-漯河-郑州']","[257, 4]",261
长沙,武汉,['长沙-武汉'],[410],410
长沙,长沙,[],[],0
长沙,广州,"['长沙-广州', '长沙-衡阳-广州', '长沙-深圳-广州']","[534, 18, 1]",553
长沙,南宁,['长沙-南宁'],[319],319
长沙,海口,"['长沙-海口', '长沙-广州-海口', '长沙-东莞-海口', '长沙-广州-东莞-海口']","[18, 4, 7, 1]",30
长沙,重庆,['长沙-重庆'],[125],125
长沙,成都,['长沙-成都'],[127],127
长沙,贵阳,['长沙-贵阳'],[126],126
长沙,昆明,['长沙-昆明'],[107],107
长沙,拉萨,['长沙-西安-兰州-拉萨'],[1],1
长沙,西安,['长沙-西安'],[215],215
长沙,兰州,['长沙-西安-兰州'],[18],18
长沙,西宁,['长沙-西安-西宁'],[1],1
长沙,银川,"['长沙-西安-银川', '长沙-银川']","[15, 1]",16
长沙,乌鲁木齐,['长沙-西安-乌鲁木齐'],[2],2
广州,北京,"['广州-北京', '广州-金华-北京']","[875, 1]",876
广州,天津,"['广州-天津', '广州-北京-天津', '广州-长沙-天津', '广州-石家庄-天津', '广州-呼和浩特-天津']","[1191, 17, 1, 1, 1]",1211
广州,石家庄,"['广州-石家庄', '广州-漯河-洛阳-石家庄', '广州-保定-石家庄', '广州-中山-保定-石家庄']","[2418, 1, 12, 1]",2432
广州,太原,"['广州-太原', '广州-惠州-太原', '广州-东莞-太原', '广州-深圳-太原']","[3575, 1, 1, 1]",3578
广州,呼和浩特,['广州-呼和浩特'],[289],289
广州,沈阳,"['广州-沈阳', '广州-长春-沈阳']","[2048, 2]",2050
广州,长春,"['广州-长春', '广州-沈阳-长春']","[765, 343]",1108
广州,哈尔滨,"['广州-沈阳-哈尔滨', '广州-哈尔滨', '广州-长春-哈尔滨']","[216, 796, 37]",1049
广州,上海,['广州-上海'],[679],679
广州,南京,"['广州-南京', '广州-苏州-南京']","[785, 25]",810
广州,杭州,"['广州-杭州', '广州-金华-杭州', '广州-东莞-杭州']","[780, 28, 1]",809
广州,合肥,"['广州-合肥', '广州-蚌埠-合肥']","[2100, 1]",2101
广州,福州,"['广州-泉州-福州', '广州-福州', '广州-厦门-福州', '广州-厦门-泉州-福州', '广州-厦门-三明-福州']","[263, 400, 40, 1, 1]",705
广州,南昌,"['广州-南昌', '广州-赣州-南昌']","[1528, 13]",1541
广州,济南,"['广州-济南', '广州-临沂-济南', '广州-青岛-济南']","[2397, 30, 36]",2463
广州,郑州,"['广州-郑州', '广州-漯河-郑州']","[2001, 21]",2022
广州,武汉,"['广州-武汉', '广州-东莞-武汉', '广州-荆州-恩施土家族苗族自治州-武汉']","[1605, 1, 1]",1607
广州,长沙,"['广州-长沙', '广州-邵阳-长沙', '广州-厦门-长沙']","[1568, 2, 1]",1571
广州,广州,[],[],0
广州,南宁,"['广州-南宁', '广州-桂林-南宁', '广州-西安-南宁']","[1021, 1, 1]",1023
广州,海口,"['广州-海口', '广州-东莞-海口']","[220, 6]",226
广州,重庆,['广州-重庆'],[731],731
广州,成都,"['广州-成都', '广州-重庆-成都', '广州-汕头-成都', '广州-南充-成都']","[857, 1, 3, 1]",862
广州,贵阳,"['广州-贵阳', '广州-惠州-贵阳']","[454, 1]",455
广州,昆明,"['广州-昆明', '广州-丽江-昆明']","[369, 2]",371
广州,拉萨,"['广州-兰州-拉萨', '广州-西安-兰州-拉萨']","[5, 2]",7
广州,西安,"['广州-西安', '广州-东莞-西安', '广州-深圳-西安', '广州-宝鸡-西安', '广州-咸阳-西安']","[1055, 5, 1, 1, 2]",1064
广州,兰州,"['广州-兰州', '广州-西安-兰州', '广州-东莞-兰州', '广州-深圳-兰州', '广州-太原-兰州']","[324, 27, 1, 1, 1]",354
广州,西宁,"['广州-兰州-西宁', '广州-西安-西宁']","[35, 4]",39
广州,银川,"['广州-银川', '广州-西安-银川', '广州-长沙-银川']","[280, 2, 1]",283
广州,乌鲁木齐,"['广州-乌鲁木齐', '广州-西安-乌鲁木齐']","[72, 11]",83
南宁,北京,['南宁-北京'],[17],17
南宁,天津,"['南宁-天津', '南宁-北京-天津']","[34, 1]",35
南宁,石家庄,['南宁-保定-石家庄'],[20],20
南宁,太原,"['南宁-太原', '南宁-重庆-太原']","[51, 1]",52
南宁,呼和浩特,"['南宁-天津-呼和浩特', '南宁-北京-天津-呼和浩特']","[1, 1]",2
南宁,沈阳,['南宁-沈阳'],[62],62
南宁,长春,"['南宁-沈阳-长春', '南宁-长春', '南宁-天津-长春', '南宁-长沙-长春']","[6, 18, 2, 1]",27
南宁,哈尔滨,"['南宁-沈阳-哈尔滨', '南宁-天津-哈尔滨', '南宁-长春-哈尔滨', '南宁-长沙-长春-哈尔滨']","[16, 2, 7, 1]",26
南宁,上海,['南宁-上海'],[18],18
南宁,南京,"['南宁-南京', '南宁-苏州-南京']","[11, 8]",19
南宁,杭州,"['南宁-杭州', '南宁-金华-杭州']","[45, 1]",46
南宁,合肥,"['南宁-合肥', '南宁-南昌-合肥']","[69, 1]",70
南宁,福州,['南宁-泉州-福州'],[19],19
南宁,南昌,['南宁-南昌'],[48],48
南宁,济南,"['南宁-济南', '南宁-临沂-济南']","[50, 16]",66
南宁,郑州,['南宁-郑州'],[93],93
南宁,武汉,['南宁-武汉'],[44],44
南宁,长沙,['南宁-长沙'],[41],41
南宁,广州,"['南宁-广州', '南宁-中山-广州', '南宁-东莞-广州']","[81, 1, 9]",91
南宁,南宁,[],[],0
南宁,海口,['南宁-广州-海口'],[1],1
南宁,重庆,['南宁-重庆'],[28],28
南宁,成都,"['南宁-成都', '南宁-重庆-成都', '南宁-贵阳-成都']","[38, 2, 1]",41
南宁,贵阳,['南宁-贵阳'],[10],10
南宁,昆明,['南宁-昆明'],[17],17
南宁,拉萨,[],[],0
南宁,西安,"['南宁-西安', '南宁-重庆-西安']","[21, 1]",22
南宁,兰州,['南宁-西安-兰州'],[3],3
南宁,西宁,[],[],0
南宁,银川,['南宁-重庆-西安-银川'],[1],1
南宁,乌鲁木齐,[],[],0
海口,北京,[],[],0
海口,天津,[],[],0
海口,石家庄,['海口-广州-石家庄'],[2],2
海口,太原,[],[],0
海口,呼和浩特,[],[],0
海口,沈阳,['海口-广州-沈阳'],[2],2
海口,长春,[],[],0
海口,哈尔滨,['海口-哈尔滨'],[1],1
海口,上海,[],[],0
海口,南京,['海口-东莞-南京'],[1],1
海口,杭州,['海口-杭州'],[3],3
海口,合肥,[],[],0
海口,福州,[],[],0
海口,南昌,[],[],0
海口,济南,"['海口-东莞-广州-济南', '海口-东莞-济南', '海口-东莞-临沂-济南']","[1, 1, 1]",3
海口,郑州,[],[],0
海口,武汉,[],[],0
海口,长沙,[],[],0
海口,广州,"['海口-广州', '海口-东莞-广州']","[22, 1]",23
海口,南宁,[],[],0
海口,海口,[],[],0
海口,重庆,[],[],0
海口,成都,[],[],0
海口,贵阳,[],[],0
海口,昆明,['海口-广州-昆明'],[2],2
海口,拉萨,[],[],0
海口,西安,['海口-广州-西安'],[1],1
海口,兰州,[],[],0
海口,西宁,[],[],0
海口,银川,[],[],0
海口,乌鲁木齐,[],[],0
重庆,北京,['重庆-北京'],[15],15
重庆,天津,"['重庆-天津', '重庆-太原-天津', '重庆-北京-天津']","[12, 2, 1]",15
重庆,石家庄,['重庆-石家庄'],[65],65
重庆,太原,['重庆-太原'],[41],41
重庆,呼和浩特,"['重庆-郑州-呼和浩特', '重庆-北京-天津-呼和浩特']","[6, 1]",7
重庆,沈阳,['重庆-沈阳'],[57],57
重庆,长春,['重庆-沈阳-长春'],[10],10
重庆,哈尔滨,"['重庆-沈阳-哈尔滨', '重庆-天津-哈尔滨', '重庆-北京-哈尔滨']","[13, 1, 1]",15
重庆,上海,['重庆-上海'],[27],27
重庆,南京,['重庆-南京'],[29],29
重庆,杭州,['重庆-杭州'],[64],64
重庆,合肥,['重庆-合肥'],[62],62
重庆,福州,['重庆-泉州-福州'],[7],7
重庆,南昌,['重庆-南昌'],[25],25
重庆,济南,['重庆-济南'],[51],51
重庆,郑州,['重庆-郑州'],[67],67
重庆,武汉,['重庆-武汉'],[37],37
重庆,长沙,['重庆-长沙'],[26],26
重庆,广州,['重庆-广州'],[69],69
重庆,南宁,"['重庆-南宁', '重庆-贵阳-南宁']","[15, 1]",16
重庆,海口,"['重庆-东莞-海口', '重庆-广州-海口']","[1, 1]",2
重庆,重庆,[],[],0
重庆,成都,['重庆-成都'],[50],50
重庆,贵阳,['重庆-贵阳'],[4],4
重庆,昆明,['重庆-昆明'],[5],5
重庆,拉萨,['重庆-拉萨'],[2],2
重庆,西安,['重庆-西安'],[21],21
重庆,兰州,['重庆-西安-兰州'],[2],2
重庆,西宁,['重庆-西安-西宁'],[1],1
重庆,银川,['重庆-西安-银川'],[2],2
重庆,乌鲁木齐,[],[],0
成都,北京,['成都-北京'],[49],49
成都,天津,['成都-天津'],[31],31
成都,石家庄,"['成都-北京-石家庄', '成都-保定-石家庄', '成都-石家庄']","[1, 24, 3]",28
成都,太原,['成都-太原'],[64],64
成都,呼和浩特,['成都-天津-呼和浩特'],[3],3
成都,沈阳,['成都-沈阳'],[86],86
成都,长春,"['成都-长春', '成都-沈阳-长春']","[19, 10]",29
成都,哈尔滨,"['成都-沈阳-哈尔滨', '成都-长春-哈尔滨']","[31, 11]",42
成都,上海,"['成都-上海', '成都-金华-上海']","[53, 1]",54
成都,南京,['成都-南京'],[34],34
成都,杭州,"['成都-杭州', '成都-金华-杭州', '成都-温州-杭州', '成都-长沙-杭州']","[86, 2, 1, 1]",90
成都,合肥,['成都-合肥'],[46],46
成都,福州,"['成都-福州', '成都-泉州-福州']","[22, 1]",23
成都,南昌,['成都-南昌'],[67],67
成都,济南,"['成都-济南', '成都-苏州-济南']","[175, 1]",176
成都,郑州,['成都-郑州'],[76],76
成都,武汉,['成都-武汉'],[68],68
成都,长沙,['成都-长沙'],[52],52
成都,广州,['成都-广州'],[214],214
成都,南宁,['成都-南宁'],[42],42
成都,海口,"['成都-海口', '成都-东莞-海口']","[4, 2]",6
成都,重庆,"['成都-重庆', '成都-泸州-重庆']","[98, 1]",99
成都,成都,[],[],0
成都,贵阳,['成都-贵阳'],[24],24
成都,昆明,['成都-昆明'],[22],22
成都,拉萨,"['成都-西安-兰州-拉萨', '成都-拉萨']","[1, 1]",2
成都,西安,['成都-西安'],[58],58
成都,兰州,"['成都-西安-兰州', '成都-兰州']","[14, 1]",15
成都,西宁,"['成都-西安-西宁', '成都-兰州-西宁']","[1, 1]",2
成都,银川,"['成都-银川', '成都-西安-银川']","[2, 4]",6
成都,乌鲁木齐,['成都-西安-乌鲁木齐'],[3],3
贵阳,北京,['贵阳-北京'],[2],2
贵阳,天津,['贵阳-保定-天津'],[8],8
贵阳,石家庄,['贵阳-保定-石家庄'],[3],3
贵阳,太原,['贵阳-郑州-太原'],[5],5
贵阳,呼和浩特,[],[],0
贵阳,沈阳,"['贵阳-长沙-沈阳', '贵阳-郑州-沈阳']","[14, 1]",15
贵阳,长春,"['贵阳-长沙-长春', '贵阳-郑州-沈阳-长春']","[20, 1]",21
贵阳,哈尔滨,['贵阳-长沙-长春-哈尔滨'],[10],10
贵阳,上海,['贵阳-上海'],[6],6
贵阳,南京,['贵阳-苏州-南京'],[3],3
贵阳,杭州,['贵阳-杭州'],[16],16
贵阳,合肥,['贵阳-合肥'],[20],20
贵阳,福州,['贵阳-泉州-福州'],[1],1
贵阳,南昌,"['贵阳-南昌', '贵阳-苏州-南昌']","[17, 5]",22
贵阳,济南,['贵阳-济南'],[79],79
贵阳,郑州,['贵阳-郑州'],[47],47
贵阳,武汉,['贵阳-武汉'],[27],27
贵阳,长沙,['贵阳-长沙'],[52],52
贵阳,广州,"['贵阳-广州', '贵阳-东莞-广州']","[43, 5]",48
贵阳,南宁,['贵阳-南宁'],[20],20
贵阳,海口,['贵阳-广州-海口'],[2],2
贵阳,重庆,['贵阳-重庆'],[2],2
贵阳,成都,['贵阳-成都'],[17],17
贵阳,贵阳,[],[],0
贵阳,昆明,['贵阳-昆明'],[6],6
贵阳,拉萨,[],[],0
贵阳,西安,"['贵阳-西安', '贵阳-成都-西安', '贵阳-南昌-上饶-西安']","[7, 4, 1]",12
贵阳,兰州,['贵阳-成都-西安-兰州'],[1],1
贵阳,西宁,[],[],0
贵阳,银川,['贵阳-西安-银川'],[1],1
贵阳,乌鲁木齐,['贵阳-西安-乌鲁木齐'],[1],1
昆明,北京,['昆明-北京'],[11],11
昆明,天津,"['昆明-保定-天津', '昆明-沈阳-天津']","[6, 1]",7
昆明,石家庄,['昆明-保定-石家庄'],[10],10
昆明,太原,"['昆明-成都-太原', '昆明-太原', '昆明-重庆-太原']","[3, 3, 1]",7
昆明,呼和浩特,['昆明-沈阳-天津-呼和浩特'],[1],1
昆明,沈阳,"['昆明-沈阳', '昆明-郑州-沈阳']","[17, 5]",22
昆明,长春,"['昆明-沈阳-长春', '昆明-贵阳-长沙-长春', '昆明-郑州-长春']","[3, 2, 1]",6
昆明,哈尔滨,"['昆明-沈阳-哈尔滨', '昆明-郑州-沈阳-哈尔滨']","[4, 1]",5
昆明,上海,['昆明-上海'],[9],9
昆明,南京,"['昆明-南京', '昆明-苏州-南京']","[12, 4]",16
昆明,杭州,"['昆明-嘉兴-杭州', '昆明-金华-杭州']","[7, 1]",8
昆明,合肥,['昆明-合肥'],[12],12
昆明,福州,['昆明-泉州-福州'],[17],17
昆明,南昌,['昆明-南昌'],[39],39
昆明,济南,"['昆明-济南', '昆明-临沂-济南']","[8, 8]",16
昆明,郑州,['昆明-郑州'],[44],44
昆明,武汉,['昆明-武汉'],[41],41
昆明,长沙,"['昆明-长沙', '昆明-贵阳-长沙']","[100, 2]",102
昆明,广州,"['昆明-广州', '昆明-东莞-广州']","[111, 5]",116
昆明,南宁,['昆明-南宁'],[17],17
昆明,海口,['昆明-东莞-海口'],[1],1
昆明,重庆,['昆明-重庆'],[8],8
昆明,成都,['昆明-成都'],[15],15
昆明,贵阳,['昆明-贵阳'],[7],7
昆明,昆明,[],[],0
昆明,拉萨,[],[],0
昆明,西安,"['昆明-西安', '昆明-成都-西安']","[9, 2]",11
昆明,兰州,"['昆明-成都-西安-兰州', '昆明-西安-兰州']","[1, 2]",3
昆明,西宁,[],[],0
昆明,银川,['昆明-成都-西安-银川'],[1],1
昆明,乌鲁木齐,[],[],0
拉萨,北京,[],[],0
拉萨,天津,[],[],0
拉萨,石家庄,[],[],0
拉萨,太原,[],[],0
拉萨,呼和浩特,[],[],0
拉萨,沈阳,[],[],0
拉萨,长春,[],[],0
拉萨,哈尔滨,[],[],0
拉萨,上海,[],[],0
拉萨,南京,[],[],0
拉萨,杭州,[],[],0
拉萨,合肥,[],[],0
拉萨,福州,[],[],0
拉萨,南昌,[],[],0
拉萨,济南,[],[],0
拉萨,郑州,[],[],0
拉萨,武汉,[],[],0
拉萨,长沙,[],[],0
拉萨,广州,[],[],0
拉萨,南宁,[],[],0
拉萨,海口,[],[],0
拉萨,重庆,[],[],0
拉萨,成都,[],[],0
拉萨,贵阳,[],[],0
拉萨,昆明,[],[],0
拉萨,拉萨,[],[],0
拉萨,西安,[],[],0
拉萨,兰州,[],[],0
拉萨,西宁,[],[],0
拉萨,银川,[],[],0
拉萨,乌鲁木齐,[],[],0
西安,北京,['西安-北京'],[73],73
西安,天津,"['西安-天津', '西安-济南-天津', '西安-太原-天津']","[74, 1, 2]",77
西安,石家庄,"['西安-石家庄', '西安-保定-石家庄', '西安-保定-邯郸-石家庄']","[140, 4, 1]",145
西安,太原,['西安-太原'],[68],68
西安,呼和浩特,['西安-天津-呼和浩特'],[7],7
西安,沈阳,"['西安-沈阳', '西安-天津-沈阳', '西安-石家庄-沈阳', '西安-保定-沈阳', '西安-北京-沈阳']","[135, 5, 2, 5, 1]",148
西安,长春,"['西安-石家庄-长春', '西安-沈阳-长春', '西安-保定-长春', '西安-天津-长春']","[3, 27, 4, 1]",35
西安,哈尔滨,"['西安-北京-哈尔滨', '西安-沈阳-哈尔滨', '西安-保定-长春-哈尔滨', '西安-天津-哈尔滨']","[2, 41, 2, 2]",47
西安,上海,"['西安-上海', '西安-合肥-上海']","[56, 3]",59
西安,南京,"['西安-南京', '西安-武汉-南京']","[91, 1]",92
西安,杭州,"['西安-杭州', '西安-金华-杭州']","[76, 5]",81
西安,合肥,['西安-合肥'],[84],84
西安,福州,['西安-泉州-福州'],[21],21
西安,南昌,['西安-南昌'],[73],73
西安,济南,['西安-济南'],[213],213
西安,郑州,['西安-郑州'],[180],180
西安,武汉,['西安-武汉'],[163],163
西安,长沙,['西安-长沙'],[72],72
西安,广州,"['西安-广州', '西安-东莞-广州']","[142, 1]",143
西安,南宁,['西安-南宁'],[52],52
西安,海口,['西安-广州-海口'],[7],7
西安,重庆,['西安-重庆'],[34],34
西安,成都,['西安-成都'],[36],36
西安,贵阳,['西安-贵阳'],[15],15
西安,昆明,['西安-昆明'],[15],15
西安,拉萨,['西安-兰州-拉萨'],[4],4
西安,西安,[],[],0
西安,兰州,['西安-兰州'],[183],183
西安,西宁,"['西安-西宁', '西安-兰州-西宁']","[57, 3]",60
西安,银川,['西安-银川'],[364],364
西安,乌鲁木齐,['西安-乌鲁木齐'],[73],73
兰州,北京,"['兰州-西安-北京', '兰州-北京']","[1, 1]",2
兰州,天津,['兰州-西安-天津'],[1],1
兰州,石家庄,[],[],0
兰州,太原,[],[],0
兰州,呼和浩特,[],[],0
兰州,沈阳,['兰州-西安-沈阳'],[1],1
兰州,长春,['兰州-西安-沈阳-长春'],[1],1
兰州,哈尔滨,[],[],0
兰州,上海,"['兰州-南京-上海', '兰州-西安-上海']","[1, 1]",2
兰州,南京,['兰州-南京'],[3],3
兰州,杭州,['兰州-金华-杭州'],[1],1
兰州,合肥,['兰州-西安-合肥'],[1],1
兰州,福州,[],[],0
兰州,南昌,['兰州-西安-南昌'],[1],1
兰州,济南,['兰州-西安-济南'],[1],1
兰州,郑州,"['兰州-郑州', '兰州-西安-郑州']","[5, 3]",8
兰州,武汉,[],[],0
兰州,长沙,['兰州-长沙'],[3],3
兰州,广州,"['兰州-西安-广州', '兰州-广州']","[1, 1]",2
兰州,南宁,[],[],0
兰州,海口,[],[],0
兰州,重庆,[],[],0
兰州,成都,['兰州-郑州-成都'],[1],1
兰州,贵阳,[],[],0
兰州,昆明,[],[],0
兰州,拉萨,['兰州-拉萨'],[10],10
兰州,西安,['兰州-西安'],[12],12
兰州,兰州,[],[],0
兰州,西宁,['兰州-西宁'],[51],51
兰州,银川,[],[],0
兰州,乌鲁木齐,[],[],0
西宁,北京,[],[],0
西宁,天津,"['西宁-兰州-西安-天津', '西宁-西安-太原-天津', '西宁-西安-天津']","[1, 2, 1]",4
西宁,石家庄,['西宁-西安-石家庄'],[5],5
西宁,太原,['西宁-西安-太原'],[3],3
西宁,呼和浩特,[],[],0
西宁,沈阳,"['西宁-西安-沈阳', '西宁-兰州-西安-沈阳']","[12, 1]",13
西宁,长春,"['西宁-兰州-西安-沈阳-长春', '西宁-西安-沈阳-长春']","[1, 3]",4
西宁,哈尔滨,['西宁-西安-沈阳-哈尔滨'],[1],1
西宁,上海,['西宁-兰州-西安-上海'],[1],1
西宁,南京,['西宁-西安-南京'],[1],1
西宁,杭州,['西宁-西安-杭州'],[1],1
西宁,合肥,['西宁-西安-合肥'],[1],1
西宁,福州,[],[],0
西宁,南昌,[],[],0
西宁,济南,['西宁-西安-济南'],[2],2
西宁,郑州,"['西宁-西安-郑州', '西宁-兰州-西安-郑州']","[7, 3]",10
西宁,武汉,['西宁-西安-武汉'],[2],2
西宁,长沙,['西宁-西安-长沙'],[3],3
西宁,广州,"['西宁-西安-广州', '西宁-兰州-西安-广州']","[7, 1]",8
西宁,南宁,[],[],0
西宁,海口,[],[],0
西宁,重庆,['西宁-西安-重庆'],[1],1
西宁,成都,['西宁-西安-成都'],[1],1
西宁,贵阳,['西宁-西安-贵阳'],[1],1
西宁,昆明,[],[],0
西宁,拉萨,[],[],0
西宁,西安,"['西宁-西安', '西宁-兰州-西安']","[62, 7]",69
西宁,兰州,['西宁-兰州'],[8],8
西宁,西宁,[],[],0
西宁,银川,[],[],0
西宁,乌鲁木齐,[],[],0
银川,北京,[],[],0
银川,天津,['银川-西安-天津'],[1],1
银川,石家庄,['银川-郑州-石家庄'],[3],3
银川,太原,['银川-石嘴山-郑州-太原'],[1],1
银川,呼和浩特,[],[],0
银川,沈阳,['银川-西安-沈阳'],[2],2
银川,长春,['银川-西安-沈阳-长春'],[1],1
银川,哈尔滨,['银川-西安-沈阳-哈尔滨'],[1],1
银川,上海,['银川-南京-上海'],[1],1
银川,南京,"['银川-南京', '银川-郑州-南京']","[4, 1]",5
银川,杭州,"['银川-南京-杭州', '银川-杭州']","[1, 2]",3
银川,合肥,['银川-郑州-合肥'],[7],7
银川,福州,[],[],0
银川,南昌,['银川-西安-南昌'],[3],3
银川,济南,[],[],0
银川,郑州,"['银川-郑州', '银川-石嘴山-郑州']","[19, 1]",20
银川,武汉,['银川-西安-武汉'],[5],5
银川,长沙,['银川-西安-长沙'],[2],2
银川,广州,['银川-郑州-广州'],[4],4
银川,南宁,['银川-郑州-南宁'],[1],1
银川,海口,[],[],0
银川,重庆,[],[],0
银川,成都,['银川-西安-成都'],[1],1
银川,贵阳,[],[],0
银川,昆明,[],[],0
银川,拉萨,[],[],0
银川,西安,['银川-西安'],[17],17
银川,兰州,['银川-西安-兰州'],[1],1
银川,西宁,[],[],0
银川,银川,[],[],0
银川,乌鲁木齐,['银川-西安-乌鲁木齐'],[1],1
乌鲁木齐,北京,"['乌鲁木齐-西安-北京', '乌鲁木齐-北京']","[3, 3]",6
乌鲁木齐,天津,['乌鲁木齐-西安-天津'],[2],2
乌鲁木齐,石家庄,['乌鲁木齐-西安-石家庄'],[3],3
乌鲁木齐,太原,['乌鲁木齐-西安-太原'],[1],1
乌鲁木齐,呼和浩特,[],[],0
乌鲁木齐,沈阳,"['乌鲁木齐-北京-唐山-沈阳', '乌鲁木齐-西安-沈阳']","[1, 2]",3
乌鲁木齐,长春,"['乌鲁木齐-北京-唐山-沈阳-长春', '乌鲁木齐-西安-沈阳-长春', '乌鲁木齐-南京-淮安-长春']","[1, 1, 1]",3
乌鲁木齐,哈尔滨,['乌鲁木齐-西安-沈阳-哈尔滨'],[1],1
乌鲁木齐,上海,"['乌鲁木齐-上海', '乌鲁木齐-南京-上海', '乌鲁木齐-西安-上海']","[5, 1, 1]",7
乌鲁木齐,南京,"['乌鲁木齐-南京', '乌鲁木齐-西安-南京']","[25, 2]",27
乌鲁木齐,杭州,"['乌鲁木齐-南京-杭州', '乌鲁木齐-西安-杭州']","[4, 1]",5
乌鲁木齐,合肥,"['乌鲁木齐-南京-合肥', '乌鲁木齐-西安-合肥']","[4, 1]",5
乌鲁木齐,福州,['乌鲁木齐-西安-泉州-福州'],[3],3
乌鲁木齐,南昌,"['乌鲁木齐-西安-南昌', '乌鲁木齐-武汉-南昌', '乌鲁木齐-南京-南昌']","[6, 1, 1]",8
乌鲁木齐,济南,"['乌鲁木齐-西安-济南', '乌鲁木齐-北京-济南']","[10, 2]",12
乌鲁木齐,郑州,"['乌鲁木齐-西安-郑州', '乌鲁木齐-南京-郑州']","[11, 2]",13
乌鲁木齐,武汉,"['乌鲁木齐-西安-武汉', '乌鲁木齐-武汉', '乌鲁木齐-南京-武汉']","[4, 3, 1]",8
乌鲁木齐,长沙,['乌鲁木齐-西安-长沙'],[9],9
乌鲁木齐,广州,"['乌鲁木齐-广州', '乌鲁木齐-西安-广州']","[4, 12]",16
乌鲁木齐,南宁,['乌鲁木齐-西安-南宁'],[4],4
乌鲁木齐,海口,['乌鲁木齐-广州-海口'],[1],1
乌鲁木齐,重庆,['乌鲁木齐-西安-重庆'],[5],5
乌鲁木齐,成都,"['乌鲁木齐-西安-成都', '乌鲁木齐-成都']","[1, 1]",2
乌鲁木齐,贵阳,[],[],0
乌鲁木齐,昆明,['乌鲁木齐-西安-昆明'],[1],1
乌鲁木齐,拉萨,[],[],0
乌鲁木齐,西安,['乌鲁木齐-西安'],[104],104
乌鲁木齐,兰州,[],[],0
乌鲁木齐,西宁,[],[],0
乌鲁木齐,银川,[],[],0
乌鲁木齐,乌鲁木齐,[],[],0
